method,lead_time,timestamp,predicted,actual
climatology,12,2025-11-08T06:00:00Z,0.6698365807533264,1.9450135231018066
climatology,12,2025-11-08T12:00:00Z,1.253153681755066,3.570967674255371
climatology,12,2025-11-08T18:00:00Z,3.1980745792388916,2.793548345565796
climatology,12,2025-11-09T00:00:00Z,2.8433115482330322,3.991128921508789
climatology,12,2025-11-09T06:00:00Z,3.1998252868652344,9.564959526062012
climatology,12,2025-11-09T12:00:00Z,6.5165114402771,7.790591239929199
climatology,12,2025-11-09T18:00:00Z,5.103773593902588,7.8852152824401855
climatology,12,2025-11-10T00:00:00Z,5.979564189910889,7.423924922943115
climatology,12,2025-11-10T06:00:00Z,4.769688606262207,10.647170066833496
climatology,12,2025-11-10T12:00:00Z,6.740636348724365,9.413978576660156
climatology,12,2025-11-10T18:00:00Z,5.7458577156066895,7.94516134262085
climatology,12,2025-11-11T00:00:00Z,5.624855995178223,6.606720447540283
climatology,12,2025-11-11T06:00:00Z,4.323359966278076,5.319406986236572
climatology,12,2025-11-11T12:00:00Z,3.786863327026367,3.987365484237671
climatology,12,2025-11-11T18:00:00Z,3.055022716522217,2.8736557960510254
climatology,12,2025-11-12T00:00:00Z,2.475043535232544,1.2309139966964722
climatology,12,2025-11-12T06:00:00Z,0.6541341543197632,1.3239892721176147
climatology,12,2025-11-12T12:00:00Z,0.5895651578903198,0.04677419364452362
climatology,12,2025-11-12T18:00:00Z,-0.3840962052345276,-0.5607526898384094
climatology,12,2025-11-13T00:00:00Z,-0.5772812366485596,-0.29731184244155884
climatology,12,2025-11-13T06:00:00Z,-0.8593928217887878,2.8862533569335938
climatology,12,2025-11-13T12:00:00Z,1.9073904752731323,1.3432796001434326
climatology,12,2025-11-13T18:00:00Z,1.0587724447250366,2.0459678173065186
climatology,12,2025-11-14T00:00:00Z,2.1770148277282715,1.206182837486267
climatology,12,2025-11-14T06:00:00Z,0.685373067855835,-1.7444744110107422
climatology,12,2025-11-14T12:00:00Z,-1.8869764804840088,0.25161290168762207
climatology,12,2025-11-14T18:00:00Z,-0.22421909868717194,1.4021505117416382
climatology,12,2025-11-15T00:00:00Z,1.3931199312210083,0.16209676861763
climatology,12,2025-11-15T06:00:00Z,-0.2616748809814453,1.7789757251739502
climatology,12,2025-11-15T12:00:00Z,1.1006410121917725,-1.0561827421188354
climatology,12,2025-11-15T18:00:00Z,-1.0778110027313232,-4.82553768157959
climatology,12,2025-11-16T00:00:00Z,-4.1135759353637695,-0.4935484528541565
climatology,12,2025-11-16T06:00:00Z,-1.0221251249313354,2.1536388397216797
climatology,12,2025-11-16T12:00:00Z,1.3071560859680176,3.83091402053833
climatology,12,2025-11-16T18:00:00Z,3.32794189453125,4.5018815994262695
climatology,12,2025-11-17T00:00:00Z,4.2886738777160645,2.4397850036621094
climatology,12,2025-11-17T06:00:00Z,1.9062514305114746,1.9495956897735596
climatology,12,2025-11-17T12:00:00Z,1.3860220909118652,4.458601951599121
climatology,12,2025-11-17T18:00:00Z,3.4061338901519775,2.561021566390991
climatology,12,2025-11-18T00:00:00Z,2.2197659015655518,0.5690860152244568
climatology,12,2025-11-18T06:00:00Z,0.09933505952358246,1.0380053520202637
climatology,12,2025-11-18T12:00:00Z,0.28542011976242065,1.9806451797485352
climatology,12,2025-11-18T18:00:00Z,1.3066619634628296,3.910215139389038
climatology,12,2025-11-19T00:00:00Z,3.547600269317627,3.4991934299468994
climatology,12,2025-11-19T06:00:00Z,2.585728406906128,0.9280323386192322
climatology,12,2025-11-19T12:00:00Z,0.5501089096069336,0.8075268864631653
climatology,12,2025-11-19T18:00:00Z,0.37879592180252075,3.364516019821167
climatology,12,2025-11-20T00:00:00Z,2.994157314300537,3.2623655796051025
climatology,12,2025-11-20T06:00:00Z,2.2752480506896973,-0.46199464797973633
climatology,12,2025-11-20T12:00:00Z,-0.6812143325805664,0.20107527077198029
climatology,12,2025-11-20T18:00:00Z,-0.23616276681423187,-2.7336020469665527
climatology,12,2025-11-21T00:00:00Z,-2.489631175994873,-5.429569721221924
climatology,12,2025-11-21T06:00:00Z,-5.189947128295898,-2.997304677963257
climatology,12,2025-11-21T12:00:00Z,-3.537043333053589,-1.148118257522583
climatology,12,2025-11-21T18:00:00Z,-1.3437644243240356,-1.8962364196777344
climatology,12,2025-11-22T00:00:00Z,-1.4014980792999268,-0.2959677577018738
climatology,12,2025-11-22T06:00:00Z,-0.5323480367660522,-0.516442060470581
climatology,12,2025-11-22T12:00:00Z,-0.9079514145851135,-0.8309139609336853
climatology,12,2025-11-22T18:00:00Z,-0.9396207928657532,-1.3118278980255127
climatology,12,2025-11-23T00:00:00Z,-1.025675654411316,-2.7524197101593018
climatology,12,2025-11-23T06:00:00Z,-2.952056884765625,-4.887600898742676
climatology,12,2025-11-23T12:00:00Z,-4.746306419372559,-3.2255375385284424
climatology,12,2025-11-23T18:00:00Z,-3.4731574058532715,-1.4115591049194336
climatology,12,2025-11-24T00:00:00Z,-1.0072628259658813,1.3922042846679688
climatology,12,2025-11-24T06:00:00Z,1.1756335496902466,-2.4778976440429688
climatology,12,2025-11-24T12:00:00Z,-2.41072940826416,-3.2491934299468994
climatology,12,2025-11-24T18:00:00Z,-3.2420637607574463,-3.3967742919921875
climatology,12,2025-11-25T00:00:00Z,-3.1279079914093018,-5.169623851776123
climatology,12,2025-11-25T06:00:00Z,-5.13377571105957,-5.266846179962158
climatology,12,2025-11-25T12:00:00Z,-5.416741371154785,-4.002688407897949
climatology,12,2025-11-25T18:00:00Z,-4.16036319732666,-6.0696234703063965
climatology,12,2025-11-26T00:00:00Z,-5.452630519866943,-7.190322399139404
climatology,12,2025-11-26T06:00:00Z,-7.007763385772705,-4.78652286529541
climatology,12,2025-11-26T12:00:00Z,-5.235997676849365,-0.8182796239852905
climatology,12,2025-11-26T18:00:00Z,-0.7524423599243164,-0.15215055644512177
climatology,12,2025-11-27T00:00:00Z,0.7002097964286804,0.425537645816803
climatology,12,2025-11-27T06:00:00Z,0.34783944487571716,2.255525588989258
climatology,12,2025-11-27T12:00:00Z,1.6860345602035522,2.4346773624420166
climatology,12,2025-11-27T18:00:00Z,2.01104998588562,1.9349461793899536
climatology,12,2025-11-28T00:00:00Z,1.9758715629577637,1.1419354677200317
climatology,12,2025-11-28T06:00:00Z,0.5524848103523254,1.5657682418823242
climatology,12,2025-11-28T12:00:00Z,0.7554159760475159,3.7123656272888184
climatology,12,2025-11-28T18:00:00Z,2.843688488006592,4.125268936157227
climatology,12,2025-11-29T00:00:00Z,3.6745803356170654,4.734677314758301
climatology,12,2025-11-29T06:00:00Z,3.6133246421813965,2.321563243865967
climatology,12,2025-11-29T12:00:00Z,1.6066242456436157,2.2088708877563477
climatology,12,2025-11-29T18:00:00Z,1.6065659523010254,1.1325268745422363
climatology,12,2025-11-30T00:00:00Z,0.8873136043548584,0.4534946084022522
climatology,12,2025-11-30T06:00:00Z,-0.28537434339523315,0.7916442155838013
climatology,12,2025-11-30T12:00:00Z,-0.05293019115924835,0.4043010473251343
climatology,12,2025-11-30T18:00:00Z,-0.07183530926704407,2.7349462509155273
climatology,12,2025-12-01T00:00:00Z,2.650697946548462,6.245429992675781
climatology,12,2025-12-01T06:00:00Z,4.83125114440918,6.2005391120910645
climatology,12,2025-12-01T12:00:00Z,4.413159370422363,4.250537872314453
climatology,12,2025-12-01T18:00:00Z,3.4550862312316895,3.678494691848755
climatology,12,2025-12-02T00:00:00Z,3.184199571609497,2.2419354915618896
climatology,12,2025-12-02T06:00:00Z,1.355839729309082,4.10323429107666
climatology,12,2025-12-02T12:00:00Z,2.839346408843994,4.0895161628723145
climatology,12,2025-12-02T18:00:00Z,2.9842171669006348,6.944892406463623
climatology,12,2025-12-03T00:00:00Z,5.677328109741211,3.17177414894104
climatology,12,2025-12-03T06:00:00Z,2.0351274013519287,0.9145552515983582
climatology,12,2025-12-03T12:00:00Z,0.5067184567451477,2.490053653717041
climatology,12,2025-12-03T18:00:00Z,1.6182109117507935,2.1500000953674316
climatology,12,2025-12-04T00:00:00Z,1.7586122751235962,4.389516353607178
climatology,12,2025-12-04T06:00:00Z,3.301604747772217,10.432884216308594
climatology,12,2025-12-04T12:00:00Z,6.997698783874512,11.294623374938965
climatology,12,2025-12-04T18:00:00Z,6.919046878814697,10.798924446105957
climatology,12,2025-12-05T00:00:00Z,7.158623218536377,6.672580718994141
climatology,12,2025-12-05T06:00:00Z,4.151731967926025,3.8644204139709473
climatology,12,2025-12-05T12:00:00Z,2.923603057861328,2.7811827659606934
climatology,12,2025-12-05T18:00:00Z,1.9275827407836914,0.6330645084381104
climatology,12,2025-12-06T00:00:00Z,0.2363223433494568,-0.39032256603240967
climatology,12,2025-12-06T06:00:00Z,-1.275058627128601,1.354569911956787
climatology,12,2025-12-06T12:00:00Z,0.2567979097366333,0.9077957272529602
climatology,12,2025-12-06T18:00:00Z,0.3103165030479431,1.4389785528182983
climatology,12,2025-12-07T00:00:00Z,1.461647868156433,0.771774172782898
climatology,12,2025-12-07T06:00:00Z,0.20643790066242218,2.7067203521728516
climatology,12,2025-12-07T12:00:00Z,1.8122464418411255,4.088440895080566
climatology,12,2025-12-07T18:00:00Z,3.221205472946167,7.939247131347656
climatology,12,2025-12-08T00:00:00Z,6.460993766784668,11.519354820251465
climatology,12,2025-12-08T06:00:00Z,7.169156551361084,5.843817234039307
climatology,12,2025-12-08T12:00:00Z,3.8215527534484863,6.7618279457092285
climatology,12,2025-12-08T18:00:00Z,5.140283107757568,8.41263484954834
climatology,12,2025-12-09T00:00:00Z,5.7776594161987305,5.786021709442139
climatology,12,2025-12-09T06:00:00Z,3.6352014541625977,4.947849273681641
climatology,12,2025-12-09T12:00:00Z,3.564028739929199,1.8131721019744873
climatology,12,2025-12-09T18:00:00Z,1.211055040359497,-0.7053763270378113
climatology,12,2025-12-10T00:00:00Z,-0.9257693886756897,-0.72661292552948
climatology,12,2025-12-10T06:00:00Z,-1.6111290454864502,0.8271505236625671
climatology,12,2025-12-10T12:00:00Z,-0.22805185616016388,2.320967674255371
climatology,12,2025-12-10T18:00:00Z,1.624900460243225,6.876075267791748
climatology,12,2025-12-11T00:00:00Z,5.992544651031494,8.236021041870117
climatology,12,2025-12-11T06:00:00Z,5.593516826629639,7.779569625854492
climatology,12,2025-12-11T12:00:00Z,5.448694229125977,8.656184196472168
climatology,12,2025-12-11T18:00:00Z,5.9238691329956055,11.120161056518555
climatology,12,2025-12-12T00:00:00Z,7.228377819061279,8.104032516479492
climatology,12,2025-12-12T06:00:00Z,4.714605808258057,2.6094086170196533
climatology,12,2025-12-12T12:00:00Z,2.0508415699005127,2.7319891452789307
climatology,12,2025-12-12T18:00:00Z,1.9206852912902832,2.8779571056365967
climatology,12,2025-12-13T00:00:00Z,2.1532466411590576,1.081182837486267
climatology,12,2025-12-13T06:00:00Z,0.10972054302692413,4.400269508361816
climatology,12,2025-12-13T12:00:00Z,3.0015580654144287,7.000537872314453
climatology,12,2025-12-13T18:00:00Z,5.125033378601074,9.075268745422363
climatology,12,2025-12-14T00:00:00Z,6.746499061584473,10.813709259033203
climatology,12,2025-12-14T06:00:00Z,6.735983848571777,9.168010711669922
climatology,12,2025-12-14T12:00:00Z,5.685835838317871,10.566128730773926
climatology,12,2025-12-14T18:00:00Z,6.784485816955566,10.44865608215332
climatology,12,2025-12-15T00:00:00Z,6.453444004058838,6.598387241363525
climatology,12,2025-12-15T06:00:00Z,4.050106048583984,7.017742156982422
climatology,12,2025-12-15T12:00:00Z,4.828248023986816,5.878494739532471
climatology,12,2025-12-15T18:00:00Z,3.9171829223632812,6.357795715332031
climatology,12,2025-12-16T00:00:00Z,4.83527946472168,4.7827959060668945
climatology,12,2025-12-16T06:00:00Z,3.1019041538238525,5.639516353607178
climatology,12,2025-12-16T12:00:00Z,4.029085636138916,1.2149733304977417
climatology,12,2025-12-16T18:00:00Z,0.705803632736206,-3.098128318786621
climatology,12,2025-12-17T00:00:00Z,-3.0558300018310547,-4.673796653747559
climatology,12,2025-12-17T06:00:00Z,-5.002831935882568,-2.8122994899749756
climatology,12,2025-12-17T12:00:00Z,-3.5887632369995117,-2.957104444503784
climatology,12,2025-12-17T18:00:00Z,-3.318148136138916,-1.2415549755096436
climatology,12,2025-12-18T00:00:00Z,-0.9859923720359802,-2.722788095474243
climatology,12,2025-12-18T06:00:00Z,-2.989619731903076,-4.777211666107178
climatology,12,2025-12-18T12:00:00Z,-4.866795063018799,-7.915591239929199
climatology,12,2025-12-18T18:00:00Z,-7.250819206237793,-10.200806617736816
climatology,12,2025-12-19T00:00:00Z,-9.172380447387695,-3.239516019821167
climatology,12,2025-12-19T06:00:00Z,-3.6529593467712402,2.1836020946502686
climatology,12,2025-12-19T12:00:00Z,1.9988855123519897,3.8819406032562256
climatology,12,2025-12-19T18:00:00Z,3.721158504486084,3.1043128967285156
climatology,12,2025-12-20T00:00:00Z,3.4024946689605713,2.5714285373687744
climatology,12,2025-12-20T06:00:00Z,1.9454087018966675,1.5420485734939575
climatology,12,2025-12-20T12:00:00Z,0.6132404804229736,-4.673783779144287
climatology,12,2025-12-20T18:00:00Z,-4.303933143615723,-4.066756725311279
climatology,12,2025-12-21T00:00:00Z,-4.279239654541016,3.1932432651519775
climatology,12,2025-12-21T06:00:00Z,2.5094199180603027,4.6329731941223145
climatology,12,2025-12-21T12:00:00Z,3.2258734703063965,2.7452573776245117
climatology,12,2025-12-21T18:00:00Z,2.4145143032073975,3.5590786933898926
climatology,12,2025-12-22T00:00:00Z,3.3528635501861572,4.505961894989014
climatology,12,2025-12-22T06:00:00Z,3.2555553913116455,-1.8441734313964844
climatology,12,2025-12-22T12:00:00Z,-2.0156986713409424,-3.63179349899292
climatology,12,2025-12-22T18:00:00Z,-3.9914984703063965,-2.312771797180176
climatology,12,2025-12-23T00:00:00Z,-2.574498414993286,-2.8720109462738037
climatology,12,2025-12-23T06:00:00Z,-3.4433116912841797,-1.621195673942566
climatology,12,2025-12-23T12:00:00Z,-2.3623573780059814,-4.594550609588623
climatology,12,2025-12-23T18:00:00Z,-4.542657375335693,-4.970027446746826
climatology,12,2025-12-24T00:00:00Z,-4.877617835998535,-1.8166213035583496
climatology,12,2025-12-24T06:00:00Z,-2.2054924964904785,-0.36539512872695923
climatology,12,2025-12-24T12:00:00Z,-0.9806514382362366,-0.6204918026924133
climatology,12,2025-12-24T18:00:00Z,-0.874029815196991,-2.3986339569091797
climatology,12,2025-12-25T00:00:00Z,-2.1799516677856445,-3.0459015369415283
climatology,12,2025-12-25T06:00:00Z,-3.44425106048584,0.8035518527030945
climatology,12,2025-12-25T12:00:00Z,-0.015558168292045593,3.8268492221832275
climatology,12,2025-12-25T18:00:00Z,3.163567304611206,5.268218994140625
climatology,12,2025-12-26T00:00:00Z,4.87807035446167,2.6926026344299316
climatology,12,2025-12-26T06:00:00Z,1.9304533004760742,4.153972625732422
climatology,12,2025-12-26T12:00:00Z,3.0164217948913574,3.867307662963867
climatology,12,2025-12-26T18:00:00Z,2.6035125255584717,6.692032814025879
climatology,12,2025-12-27T00:00:00Z,5.416491508483887,5.9170331954956055
climatology,12,2025-12-27T06:00:00Z,3.84106183052063,6.173351764678955
climatology,12,2025-12-27T12:00:00Z,4.372997283935547,4.272451877593994
climatology,12,2025-12-27T18:00:00Z,2.917283535003662,0.7388429641723633
climatology,12,2025-12-28T00:00:00Z,0.3650503158569336,-0.5195592045783997
climatology,12,2025-12-28T06:00:00Z,-1.4996845722198486,0.2228650152683258
climatology,12,2025-12-28T12:00:00Z,-0.967280924320221,-1.9149169921875
climatology,12,2025-12-28T18:00:00Z,-2.5116984844207764,-4.68204402923584
climatology,12,2025-12-29T00:00:00Z,-4.54897403717041,-6.345304012298584
climatology,12,2025-12-29T06:00:00Z,-6.38763427734375,1.7933701276779175
climatology,12,2025-12-29T12:00:00Z,0.8925938010215759,5.3720221519470215
climatology,12,2025-12-29T18:00:00Z,4.587131500244141,5.5947370529174805
climatology,12,2025-12-30T00:00:00Z,5.153109073638916,4.439058303833008
climatology,12,2025-12-30T06:00:00Z,3.401261329650879,3.78448748588562
climatology,12,2025-12-30T12:00:00Z,2.5867207050323486,3.3413889408111572
climatology,12,2025-12-30T18:00:00Z,2.1220765113830566,3.549166679382324
climatology,12,2025-12-31T00:00:00Z,2.741741418838501,3.0044443607330322
climatology,12,2025-12-31T06:00:00Z,1.744997501373291,3.747499942779541
climatology,6,2025-11-08T12:00:00Z,1.41231369972229,1.9450135231018066
climatology,6,2025-11-08T18:00:00Z,1.9469350576400757,3.570967674255371
climatology,6,2025-11-09T00:00:00Z,3.440028667449951,2.793548345565796
climatology,6,2025-11-09T06:00:00Z,2.6300370693206787,3.991128921508789
climatology,6,2025-11-09T12:00:00Z,3.6183433532714844,9.564959526062012
climatology,6,2025-11-09T18:00:00Z,7.165327548980713,7.790591239929199
climatology,6,2025-11-10T00:00:00Z,7.199326992034912,7.8852152824401855
climatology,6,2025-11-10T06:00:00Z,6.743587493896484,7.423924922943115
climatology,6,2025-11-10T12:00:00Z,6.386917591094971,10.647170066833496
climatology,6,2025-11-10T18:00:00Z,8.138566017150879,9.413978576660156
climatology,6,2025-11-11T00:00:00Z,8.162361145019531,7.94516134262085
climatology,6,2025-11-11T06:00:00Z,6.800075531005859,6.606720447540283
climatology,6,2025-11-11T12:00:00Z,5.779120922088623,5.319406986236572
climatology,6,2025-11-11T18:00:00Z,5.463042259216309,3.987365484237671
climatology,6,2025-11-12T00:00:00Z,4.051657199859619,2.8736557960510254
climatology,6,2025-11-12T06:00:00Z,2.5317420959472656,1.2309139966964722
climatology,6,2025-11-12T12:00:00Z,1.309308648109436,1.3239892721176147
climatology,6,2025-11-12T18:00:00Z,1.9041759967803955,0.04677419364452362
climatology,6,2025-11-13T00:00:00Z,0.23697316646575928,-0.5607526898384094
climatology,6,2025-11-13T06:00:00Z,-0.445720911026001,-0.29731184244155884
climatology,6,2025-11-13T12:00:00Z,-0.41853636503219604,2.886253595352173
climatology,6,2025-11-13T18:00:00Z,2.8974461555480957,1.3432796001434326
climatology,6,2025-11-14T00:00:00Z,1.1647248268127441,2.0459678173065186
climatology,6,2025-11-14T06:00:00Z,1.9456933736801147,1.206182837486267
climatology,6,2025-11-14T12:00:00Z,0.8872589468955994,-1.7444744110107422
climatology,6,2025-11-14T18:00:00Z,-0.9561586380004883,0.25161290168762207
climatology,6,2025-11-15T00:00:00Z,0.5011613965034485,1.4021505117416382
climatology,6,2025-11-15T06:00:00Z,1.2337183952331543,0.16209676861763
climatology,6,2025-11-15T12:00:00Z,-0.2294059842824936,1.7789757251739502
climatology,6,2025-11-15T18:00:00Z,2.13289737701416,-1.0561827421188354
climatology,6,2025-11-16T00:00:00Z,-0.8890750408172607,-4.82553768157959
climatology,6,2025-11-16T06:00:00Z,-3.597043991088867,-0.4935483932495117
climatology,6,2025-11-16T12:00:00Z,0.4272518754005432,2.1536388397216797
climatology,6,2025-11-16T18:00:00Z,2.2820162773132324,3.83091402053833
climatology,6,2025-11-17T00:00:00Z,3.6676957607269287,4.5018815994262695
climatology,6,2025-11-17T06:00:00Z,4.268012046813965,2.4397850036621094
climatology,6,2025-11-17T12:00:00Z,2.1941680908203125,1.9495956897735596
climatology,6,2025-11-17T18:00:00Z,2.4992706775665283,4.458601951599121
climatology,6,2025-11-18T00:00:00Z,3.9529621601104736,2.561021566390991
climatology,6,2025-11-18T06:00:00Z,2.2045936584472656,0.5690860152244568
climatology,6,2025-11-18T12:00:00Z,0.45206141471862793,1.0380053520202637
climatology,6,2025-11-18T18:00:00Z,1.5616182088851929,1.9806451797485352
climatology,6,2025-11-19T00:00:00Z,1.775464415550232,3.910215139389038
climatology,6,2025-11-19T06:00:00Z,3.4570140838623047,3.4991934299468994
climatology,6,2025-11-19T12:00:00Z,3.0309195518493652,0.9280323386192322
climatology,6,2025-11-19T18:00:00Z,1.4220744371414185,0.8075268864631653
climatology,6,2025-11-20T00:00:00Z,0.9206966161727905,3.364516019821167
climatology,6,2025-11-20T06:00:00Z,2.9322354793548584,3.2623655796051025
climatology,6,2025-11-20T12:00:00Z,2.6883599758148193,-0.46199458837509155
climatology,6,2025-11-20T18:00:00Z,0.06437445431947708,0.20107527077198029
climatology,6,2025-11-21T00:00:00Z,0.41348379850387573,-2.7336020469665527
climatology,6,2025-11-21T06:00:00Z,-2.3387646675109863,-5.429569721221924
climatology,6,2025-11-21T12:00:00Z,-4.3257155418396,-2.997304677963257
climatology,6,2025-11-21T18:00:00Z,-1.606182336807251,-1.148118257522583
climatology,6,2025-11-22T00:00:00Z,-0.9301168918609619,-1.8962364196777344
climatology,6,2025-11-22T06:00:00Z,-1.671567440032959,-0.295967698097229
climatology,6,2025-11-22T12:00:00Z,-0.17003248631954193,-0.516442060470581
climatology,6,2025-11-22T18:00:00Z,-0.13044919073581696,-0.8309139609336853
climatology,6,2025-11-23T00:00:00Z,-0.5882514715194702,-1.3118278980255127
climatology,6,2025-11-23T06:00:00Z,-1.1130722761154175,-2.7524194717407227
climatology,6,2025-11-23T12:00:00Z,-2.6605188846588135,-4.887600898742676
climatology,6,2025-11-23T18:00:00Z,-3.6694719791412354,-3.2255375385284424
climatology,6,2025-11-24T00:00:00Z,-2.5584113597869873,-1.4115591049194336
climatology,6,2025-11-24T06:00:00Z,-1.0791103839874268,1.3922044038772583
climatology,6,2025-11-24T12:00:00Z,1.4952350854873657,-2.477897882461548
climatology,6,2025-11-24T18:00:00Z,-2.0930233001708984,-3.2491934299468994
climatology,6,2025-11-25T00:00:00Z,-2.4237072467803955,-3.3967742919921875
climatology,6,2025-11-25T06:00:00Z,-2.9779202938079834,-5.169624328613281
climatology,6,2025-11-25T12:00:00Z,-4.799190521240234,-5.266846179962158
climatology,6,2025-11-25T18:00:00Z,-4.189206600189209,-4.002688407897949
climatology,6,2025-11-26T00:00:00Z,-3.47703218460083,-6.0696234703063965
climatology,6,2025-11-26T06:00:00Z,-5.449458599090576,-7.190322399139404
climatology,6,2025-11-26T12:00:00Z,-6.605784893035889,-4.78652286529541
climatology,6,2025-11-26T18:00:00Z,-3.2287890911102295,-0.8182795643806458
climatology,6,2025-11-27T00:00:00Z,0.36467796564102173,-0.15215052664279938
climatology,6,2025-11-27T06:00:00Z,0.3834068179130554,0.4255375862121582
climatology,6,2025-11-27T12:00:00Z,0.4978068470954895,2.255525588989258
climatology,6,2025-11-27T18:00:00Z,2.73665714263916,2.4346773624420166
climatology,6,2025-11-28T00:00:00Z,2.341273069381714,1.9349461793899536
climatology,6,2025-11-28T06:00:00Z,1.759950876235962,1.1419354677200317
climatology,6,2025-11-28T12:00:00Z,0.9311832189559937,1.5657682418823242
climatology,6,2025-11-28T18:00:00Z,1.9103354215621948,3.7123656272888184
climatology,6,2025-11-29T00:00:00Z,3.283712863922119,4.125268936157227
climatology,6,2025-11-29T06:00:00Z,3.6917927265167236,4.734677314758301
climatology,6,2025-11-29T12:00:00Z,4.252630710601807,2.321563482284546
climatology,6,2025-11-29T18:00:00Z,2.7421934604644775,2.2088708877563477
climatology,6,2025-11-30T00:00:00Z,2.13167142868042,1.1325268745422363
climatology,6,2025-11-30T06:00:00Z,0.8404439091682434,0.453494668006897
climatology,6,2025-11-30T12:00:00Z,0.30691465735435486,0.7916442155838013
climatology,6,2025-11-30T18:00:00Z,1.1138288974761963,0.40430110692977905
climatology,6,2025-12-01T00:00:00Z,0.2954503893852234,2.7349462509155273
climatology,6,2025-12-01T06:00:00Z,2.5107786655426025,6.245429992675781
climatology,6,2025-12-01T12:00:00Z,5.277371883392334,6.2005391120910645
climatology,6,2025-12-01T18:00:00Z,6.042416572570801,4.250537872314453
climatology,6,2025-12-02T00:00:00Z,4.189205646514893,3.678494691848755
climatology,6,2025-12-02T06:00:00Z,3.082080602645874,2.2419354915618896
climatology,6,2025-12-02T12:00:00Z,2.0052475929260254,4.10323429107666
climatology,6,2025-12-02T18:00:00Z,4.040669918060303,4.0895161628723145
climatology,6,2025-12-03T00:00:00Z,3.7243900299072266,6.944892406463623
climatology,6,2025-12-03T06:00:00Z,5.755199432373047,3.17177414894104
climatology,6,2025-12-03T12:00:00Z,2.6855931282043457,0.9145552515983582
climatology,6,2025-12-03T18:00:00Z,1.5505629777908325,2.490053653717041
climatology,6,2025-12-04T00:00:00Z,2.3097927570343018,2.1500000953674316
climatology,6,2025-12-04T06:00:00Z,1.7457255125045776,4.389516353607178
climatology,6,2025-12-04T12:00:00Z,3.82552433013916,10.432884216308594
climatology,6,2025-12-04T18:00:00Z,7.639866828918457,11.294623374938965
climatology,6,2025-12-05T00:00:00Z,9.112895011901855,10.798924446105957
climatology,6,2025-12-05T06:00:00Z,8.879570007324219,6.672580242156982
climatology,6,2025-12-05T12:00:00Z,6.057705879211426,3.8644204139709473
climatology,6,2025-12-05T18:00:00Z,4.425699710845947,2.7811827659606934
climatology,6,2025-12-06T00:00:00Z,2.816478729248047,0.6330645084381104
climatology,6,2025-12-06T06:00:00Z,0.4188816547393799,-0.39032256603240967
climatology,6,2025-12-06T12:00:00Z,-0.1850663274526596,1.354569911956787
climatology,6,2025-12-06T18:00:00Z,1.6495405435562134,0.9077957272529602
climatology,6,2025-12-07T00:00:00Z,0.640485405921936,1.4389785528182983
climatology,6,2025-12-07T06:00:00Z,1.300397276878357,0.771774172782898
climatology,6,2025-12-07T12:00:00Z,0.4361545443534851,2.7067203521728516
climatology,6,2025-12-07T18:00:00Z,2.8873047828674316,4.088440895080566
climatology,6,2025-12-08T00:00:00Z,3.6809628009796143,7.939247131347656
climatology,6,2025-12-08T06:00:00Z,6.491310119628906,11.519354820251465
climatology,6,2025-12-08T12:00:00Z,8.714544296264648,5.843817234039307
climatology,6,2025-12-08T18:00:00Z,6.150909423828125,6.7618279457092285
climatology,6,2025-12-09T00:00:00Z,5.98976993560791,8.41263484954834
climatology,6,2025-12-09T06:00:00Z,6.6572675704956055,5.786021709442139
climatology,6,2025-12-09T12:00:00Z,5.082377910614014,4.947849273681641
climatology,6,2025-12-09T18:00:00Z,5.042786598205566,1.8131721019744873
climatology,6,2025-12-10T00:00:00Z,1.899373173713684,-0.7053763270378113
climatology,6,2025-12-10T06:00:00Z,-0.7695366740226746,-0.72661292552948
climatology,6,2025-12-10T12:00:00Z,-0.3575021028518677,0.8271505236625671
climatology,6,2025-12-10T18:00:00Z,1.0767264366149902,2.320967674255371
climatology,6,2025-12-11T00:00:00Z,1.9880021810531616,6.876075267791748
climatology,6,2025-12-11T06:00:00Z,5.713016033172607,8.236021041870117
climatology,6,2025-12-11T12:00:00Z,7.119093418121338,7.77957010269165
climatology,6,2025-12-11T18:00:00Z,7.407707214355469,8.656183242797852
climatology,6,2025-12-12T00:00:00Z,7.538859844207764,11.120161056518555
climatology,6,2025-12-12T06:00:00Z,8.41991901397705,8.104032516479492
climatology,6,2025-12-12T12:00:00Z,7.055717468261719,2.6094086170196533
climatology,6,2025-12-12T18:00:00Z,3.370945692062378,2.7319891452789307
climatology,6,2025-12-13T00:00:00Z,2.6660494804382324,2.8779571056365967
climatology,6,2025-12-13T06:00:00Z,2.353698968887329,1.081182837486267
climatology,6,2025-12-13T12:00:00Z,0.8480600118637085,4.400269031524658
climatology,6,2025-12-13T18:00:00Z,4.132834434509277,7.000537872314453
climatology,6,2025-12-14T00:00:00Z,5.940984725952148,9.075268745422363
climatology,6,2025-12-14T06:00:00Z,7.524696350097656,10.813709259033203
climatology,6,2025-12-14T12:00:00Z,8.62692928314209,9.168010711669922
climatology,6,2025-12-14T18:00:00Z,8.366522789001465,10.566128730773926
climatology,6,2025-12-15T00:00:00Z,8.548544883728027,10.44865608215332
climatology,6,2025-12-15T06:00:00Z,8.288247108459473,6.598387241363525
climatology,6,2025-12-15T12:00:00Z,5.89996862411499,7.017742156982422
climatology,6,2025-12-15T18:00:00Z,6.4435648918151855,5.878494739532471
climatology,6,2025-12-16T00:00:00Z,5.415539741516113,6.357795715332031
climatology,6,2025-12-16T06:00:00Z,5.23373556137085,4.7827959060668945
climatology,6,2025-12-16T12:00:00Z,4.238330364227295,5.639516353607178
climatology,6,2025-12-16T18:00:00Z,5.3957014083862305,1.2149732112884521
climatology,6,2025-12-17T00:00:00Z,1.2291802167892456,-3.098128080368042
climatology,6,2025-12-17T06:00:00Z,-2.6018588542938232,-4.673796653747559
climatology,6,2025-12-17T12:00:00Z,-3.439516067504883,-2.8122994899749756
climatology,6,2025-12-17T18:00:00Z,-1.7950100898742676,-2.957104444503784
climatology,6,2025-12-18T00:00:00Z,-2.818605899810791,-1.241554856300354
climatology,6,2025-12-18T06:00:00Z,-0.8152022361755371,-2.722788095474243
climatology,6,2025-12-18T12:00:00Z,-3.034823179244995,-4.777211666107178
climatology,6,2025-12-18T18:00:00Z,-3.7989704608917236,-7.915591239929199
climatology,6,2025-12-19T00:00:00Z,-6.021327495574951,-10.200806617736816
climatology,6,2025-12-19T06:00:00Z,-7.9371843338012695,-3.239516019821167
climatology,6,2025-12-19T12:00:00Z,0.07188114523887634,2.1836020946502686
climatology,6,2025-12-19T18:00:00Z,3.8764572143554688,3.8819406032562256
climatology,6,2025-12-20T00:00:00Z,4.189557075500488,3.1043126583099365
climatology,6,2025-12-20T06:00:00Z,3.093653678894043,2.5714285373687744
climatology,6,2025-12-20T12:00:00Z,2.423326015472412,1.5420485734939575
climatology,6,2025-12-20T18:00:00Z,1.901910424232483,-4.673783779144287
climatology,6,2025-12-21T00:00:00Z,-3.074354410171509,-4.066756725311279
climatology,6,2025-12-21T06:00:00Z,-3.042672634124756,3.1932432651519775
climatology,6,2025-12-21T12:00:00Z,3.4866557121276855,4.6329731941223145
climatology,6,2025-12-21T18:00:00Z,4.300746440887451,2.7452573776245117
climatology,6,2025-12-22T00:00:00Z,2.405698299407959,3.5590786933898926
climatology,6,2025-12-22T06:00:00Z,3.0877625942230225,4.505961894989014
climatology,6,2025-12-22T12:00:00Z,3.990314483642578,-1.8441734313964844
climatology,6,2025-12-22T18:00:00Z,-1.2100905179977417,-3.63179349899292
climatology,6,2025-12-23T00:00:00Z,-2.7533669471740723,-2.312771797180176
climatology,6,2025-12-23T06:00:00Z,-1.8646066188812256,-2.8720109462738037
climatology,6,2025-12-23T12:00:00Z,-3.1177778244018555,-1.621195673942566
climatology,6,2025-12-23T18:00:00Z,-1.0433881282806396,-4.594550609588623
climatology,6,2025-12-24T00:00:00Z,-4.032114028930664,-4.970027446746826
climatology,6,2025-12-24T06:00:00Z,-4.339019775390625,-1.8166213035583496
climatology,6,2025-12-24T12:00:00Z,-1.2538182735443115,-0.36539506912231445
climatology,6,2025-12-24T18:00:00Z,0.02753785252571106,-0.6204917430877686
climatology,6,2025-12-25T00:00:00Z,-0.6546387076377869,-2.3986339569091797
climatology,6,2025-12-25T06:00:00Z,-2.213836908340454,-3.0459015369415283
climatology,6,2025-12-25T12:00:00Z,-2.843050956726074,0.8035519123077393
climatology,6,2025-12-25T18:00:00Z,1.6372753381729126,3.8268492221832275
climatology,6,2025-12-26T00:00:00Z,3.5339202880859375,5.268218994140625
climatology,6,2025-12-26T06:00:00Z,4.996358394622803,2.6926026344299316
climatology,6,2025-12-26T12:00:00Z,2.270237445831299,4.153972625732422
climatology,6,2025-12-26T18:00:00Z,4.254112243652344,3.867307662963867
climatology,6,2025-12-27T00:00:00Z,3.366227388381958,6.692032814025879
climatology,6,2025-12-27T06:00:00Z,5.501038074493408,5.9170331954956055
climatology,6,2025-12-27T12:00:00Z,5.1918559074401855,6.173351764678955
climatology,6,2025-12-27T18:00:00Z,5.9045257568359375,4.272451877593994
climatology,6,2025-12-28T00:00:00Z,3.881089925765991,0.7388429641723633
climatology,6,2025-12-28T06:00:00Z,0.09947824478149414,-0.5195592045783997
climatology,6,2025-12-28T12:00:00Z,-0.2722175717353821,0.2228650152683258
climatology,6,2025-12-28T18:00:00Z,0.5662752985954285,-1.9149169921875
climatology,6,2025-12-29T00:00:00Z,-1.9338462352752686,-4.68204402923584
climatology,6,2025-12-29T06:00:00Z,-3.892704486846924,-6.345304012298584
climatology,6,2025-12-29T12:00:00Z,-5.4242072105407715,1.7933701276779175
climatology,6,2025-12-29T18:00:00Z,3.442094326019287,5.3720221519470215
climatology,6,2025-12-30T00:00:00Z,4.997826099395752,5.5947370529174805
climatology,6,2025-12-30T06:00:00Z,5.465701580047607,4.439058303833008
climatology,6,2025-12-30T12:00:00Z,4.143074035644531,3.78448748588562
climatology,6,2025-12-30T18:00:00Z,4.012753009796143,3.3413889408111572
climatology,6,2025-12-31T00:00:00Z,2.9087233543395996,3.549166679382324
climatology,6,2025-12-31T06:00:00Z,2.8671441078186035,3.0044443607330322
climatology,6,2025-12-31T12:00:00Z,2.5412416458129883,3.747499942779541
ecmwf_aifs,12,2025-11-07T18:00:00Z,-0.6524646878242493,-0.28136128187179565
ecmwf_aifs,12,2025-11-08T00:00:00Z,-0.6288576126098633,0.688254714012146
ecmwf_aifs,12,2025-11-08T06:00:00Z,0.04680699110031128,-0.7858999967575073
ecmwf_aifs,12,2025-11-08T12:00:00Z,-0.21808907389640808,0.22606241703033447
ecmwf_aifs,12,2025-11-08T18:00:00Z,-0.7587920427322388,-1.008404016494751
ecmwf_aifs,12,2025-11-09T00:00:00Z,-0.9283304214477539,0.1265166997909546
ecmwf_aifs,12,2025-11-09T06:00:00Z,-0.0710381269454956,0.12693428993225098
ecmwf_aifs,12,2025-11-09T12:00:00Z,0.032100021839141846,-0.3764331340789795
ecmwf_aifs,12,2025-11-09T18:00:00Z,-0.8652225732803345,0.1617254614830017
ecmwf_aifs,12,2025-11-10T00:00:00Z,-0.467903733253479,-0.12231901288032532
ecmwf_aifs,12,2025-11-10T06:00:00Z,-0.11893013119697571,0.6391209363937378
ecmwf_aifs,12,2025-11-10T12:00:00Z,0.20240896940231323,0.3755737543106079
ecmwf_aifs,12,2025-11-10T18:00:00Z,-0.5248050689697266,-0.12261900305747986
ecmwf_aifs,12,2025-11-11T00:00:00Z,-0.5814602971076965,0.11717766523361206
ecmwf_aifs,12,2025-11-11T06:00:00Z,0.022243142127990723,0.13837158679962158
ecmwf_aifs,12,2025-11-11T12:00:00Z,0.08353203535079956,-0.8488619923591614
ecmwf_aifs,12,2025-11-11T18:00:00Z,-1.1713471412658691,-0.07150912284851074
ecmwf_aifs,12,2025-11-12T00:00:00Z,-0.5676788091659546,-0.6340993642807007
ecmwf_aifs,12,2025-11-12T06:00:00Z,-0.27944737672805786,0.8900718688964844
ecmwf_aifs,12,2025-11-12T12:00:00Z,0.25010281801223755,0.13370978832244873
ecmwf_aifs,12,2025-11-12T18:00:00Z,-0.5080506205558777,-0.36868298053741455
ecmwf_aifs,12,2025-11-13T00:00:00Z,-0.6776264309883118,0.05039680004119873
ecmwf_aifs,12,2025-11-13T06:00:00Z,-0.008667349815368652,2.979200839996338
ecmwf_aifs,12,2025-11-13T12:00:00Z,0.8032526969909668,0.682801365852356
ecmwf_aifs,12,2025-11-13T18:00:00Z,-0.183452308177948,0.07130461931228638
ecmwf_aifs,12,2025-11-14T00:00:00Z,-0.6001042723655701,-0.5018273591995239
ecmwf_aifs,12,2025-11-14T06:00:00Z,-0.1346287727355957,-0.12978872656822205
ecmwf_aifs,12,2025-11-14T12:00:00Z,0.01424109935760498,-0.5167357921600342
ecmwf_aifs,12,2025-11-14T18:00:00Z,-1.018099069595337,-0.5728839635848999
ecmwf_aifs,12,2025-11-15T00:00:00Z,-0.7152662873268127,-0.624820351600647
ecmwf_aifs,12,2025-11-15T06:00:00Z,-0.23134326934814453,0.2957502603530884
ecmwf_aifs,12,2025-11-15T12:00:00Z,0.08392655849456787,4.62182092666626
ecmwf_aifs,12,2025-11-15T18:00:00Z,1.136535882949829,-0.20327499508857727
ecmwf_aifs,12,2025-11-16T00:00:00Z,-0.3803151845932007,0.22797918319702148
ecmwf_aifs,12,2025-11-16T06:00:00Z,-0.09019166231155396,-0.4685490131378174
ecmwf_aifs,12,2025-11-16T12:00:00Z,-0.18961569666862488,0.2849271297454834
ecmwf_aifs,12,2025-11-16T18:00:00Z,-0.6785458326339722,1.4246166944503784
ecmwf_aifs,12,2025-11-17T00:00:00Z,0.14327877759933472,-0.632501482963562
ecmwf_aifs,12,2025-11-17T06:00:00Z,-0.1091708242893219,-1.6874816417694092
ecmwf_aifs,12,2025-11-17T12:00:00Z,-0.5377955436706543,0.8338168859481812
ecmwf_aifs,12,2025-11-17T18:00:00Z,-0.5431437492370605,-1.7036018371582031
ecmwf_aifs,12,2025-11-18T00:00:00Z,-1.0940526723861694,-3.414013385772705
ecmwf_aifs,12,2025-11-18T06:00:00Z,-1.1089115142822266,-0.8408288955688477
ecmwf_aifs,12,2025-11-18T12:00:00Z,-0.6661438941955566,-1.261663794517517
ecmwf_aifs,12,2025-11-18T18:00:00Z,-1.1696064472198486,0.2660360336303711
ecmwf_aifs,12,2025-11-19T00:00:00Z,-0.49725979566574097,-1.1844267845153809
ecmwf_aifs,12,2025-11-19T06:00:00Z,-0.5354630947113037,-0.5635963082313538
ecmwf_aifs,12,2025-11-19T12:00:00Z,-0.3321593403816223,-1.865730881690979
ecmwf_aifs,12,2025-11-19T18:00:00Z,-1.3930037021636963,0.5054498910903931
ecmwf_aifs,12,2025-11-20T00:00:00Z,-0.40623658895492554,0.8208750486373901
ecmwf_aifs,12,2025-11-20T06:00:00Z,-0.04039168357849121,-0.5857078433036804
ecmwf_aifs,12,2025-11-20T12:00:00Z,-0.12278273701667786,-1.5794947147369385
ecmwf_aifs,12,2025-11-20T18:00:00Z,-1.3486183881759644,-1.4354711771011353
ecmwf_aifs,12,2025-11-21T00:00:00Z,-1.1005266904830933,-1.3092671632766724
ecmwf_aifs,12,2025-11-21T06:00:00Z,-0.6254746913909912,0.7665554285049438
ecmwf_aifs,12,2025-11-21T12:00:00Z,-0.03220081329345703,-0.0062958598136901855
ecmwf_aifs,12,2025-11-21T18:00:00Z,-0.4048495292663574,-1.8725889921188354
ecmwf_aifs,12,2025-11-22T00:00:00Z,-1.1660759449005127,-1.4112672805786133
ecmwf_aifs,12,2025-11-22T06:00:00Z,-0.52957683801651,-0.35340315103530884
ecmwf_aifs,12,2025-11-22T12:00:00Z,-0.3189730942249298,-2.2254161834716797
ecmwf_aifs,12,2025-11-22T18:00:00Z,-1.4605674743652344,-1.038758397102356
ecmwf_aifs,12,2025-11-23T00:00:00Z,-0.9727345108985901,-0.34392377734184265
ecmwf_aifs,12,2025-11-23T06:00:00Z,-0.43280917406082153,-1.9006617069244385
ecmwf_aifs,12,2025-11-23T12:00:00Z,-0.7199668884277344,-0.7574316263198853
ecmwf_aifs,12,2025-11-23T18:00:00Z,-1.019012212753296,-0.10470342636108398
ecmwf_aifs,12,2025-11-24T00:00:00Z,-0.5465789437294006,-0.6710559725761414
ecmwf_aifs,12,2025-11-24T06:00:00Z,-0.36087384819984436,-0.01661372184753418
ecmwf_aifs,12,2025-11-24T12:00:00Z,-0.07520127296447754,-1.5052417516708374
ecmwf_aifs,12,2025-11-24T18:00:00Z,-1.1782658100128174,-0.29702451825141907
ecmwf_aifs,12,2025-11-25T00:00:00Z,-0.608770489692688,-0.828891932964325
ecmwf_aifs,12,2025-11-25T06:00:00Z,-0.38201338052749634,-0.5105348229408264
ecmwf_aifs,12,2025-11-25T12:00:00Z,-0.22959116101264954,0.9669421911239624
ecmwf_aifs,12,2025-11-25T18:00:00Z,-0.14755505323410034,0.6648536920547485
ecmwf_aifs,12,2025-11-26T00:00:00Z,-0.06588298082351685,0.7460112571716309
ecmwf_aifs,12,2025-11-26T06:00:00Z,0.2130274772644043,-0.5607117414474487
ecmwf_aifs,12,2025-11-26T12:00:00Z,-0.15391087532043457,0.06138432025909424
ecmwf_aifs,12,2025-11-26T18:00:00Z,-0.8010303974151611,0.04429781436920166
ecmwf_aifs,12,2025-11-27T00:00:00Z,-0.36239057779312134,1.194037914276123
ecmwf_aifs,12,2025-11-27T06:00:00Z,0.3039979338645935,0.8431135416030884
ecmwf_aifs,12,2025-11-27T12:00:00Z,0.4012824296951294,0.5342724323272705
ecmwf_aifs,12,2025-11-27T18:00:00Z,-0.42933306097984314,0.11250501871109009
ecmwf_aifs,12,2025-11-28T00:00:00Z,-0.401267409324646,-0.9693701863288879
ecmwf_aifs,12,2025-11-28T06:00:00Z,-0.2413628101348877,-1.5525305271148682
ecmwf_aifs,12,2025-11-28T12:00:00Z,-0.5068244338035583,0.11099529266357422
ecmwf_aifs,12,2025-11-28T18:00:00Z,-0.7069123387336731,-0.3435533344745636
ecmwf_aifs,12,2025-11-29T00:00:00Z,-0.49603572487831116,-0.8313203454017639
ecmwf_aifs,12,2025-11-29T06:00:00Z,-0.2512945830821991,-1.1403151750564575
ecmwf_aifs,12,2025-11-29T12:00:00Z,-0.38386932015419006,-0.646743893623352
ecmwf_aifs,12,2025-11-29T18:00:00Z,-0.9542508125305176,-0.4291192293167114
ecmwf_aifs,12,2025-11-30T00:00:00Z,-0.5882996320724487,0.8406752347946167
ecmwf_aifs,12,2025-11-30T06:00:00Z,0.11508047580718994,0.10663479566574097
ecmwf_aifs,12,2025-11-30T12:00:00Z,0.10985404253005981,-0.11846727132797241
ecmwf_aifs,12,2025-11-30T18:00:00Z,-0.5998149514198303,-0.5630084872245789
ecmwf_aifs,12,2025-12-01T00:00:00Z,-0.6394017934799194,-1.3789446353912354
ecmwf_aifs,12,2025-12-01T06:00:00Z,-0.4209177494049072,-0.20202010869979858
ecmwf_aifs,12,2025-12-01T12:00:00Z,-0.10962602496147156,-0.2852858603000641
ecmwf_aifs,12,2025-12-01T18:00:00Z,-0.6513566970825195,0.313926100730896
ecmwf_aifs,12,2025-12-02T00:00:00Z,-0.21011361479759216,-0.7969486713409424
ecmwf_aifs,12,2025-12-02T06:00:00Z,-0.2293567955493927,0.9509090185165405
ecmwf_aifs,12,2025-12-02T12:00:00Z,0.337973415851593,-1.5741430521011353
ecmwf_aifs,12,2025-12-02T18:00:00Z,-1.1312979459762573,-1.9397567510604858
ecmwf_aifs,12,2025-12-03T00:00:00Z,-1.308607578277588,-1.1200892925262451
ecmwf_aifs,12,2025-12-03T06:00:00Z,-0.5115710496902466,-2.120877981185913
ecmwf_aifs,12,2025-12-03T12:00:00Z,-0.7912644743919373,-0.11056113243103027
ecmwf_aifs,12,2025-12-03T18:00:00Z,-0.6732208728790283,0.17678338289260864
ecmwf_aifs,12,2025-12-04T00:00:00Z,-0.27145692706108093,-0.7820519804954529
ecmwf_aifs,12,2025-12-04T06:00:00Z,-0.26459673047065735,1.4683512449264526
ecmwf_aifs,12,2025-12-04T12:00:00Z,0.4727078676223755,-1.4767298698425293
ecmwf_aifs,12,2025-12-04T18:00:00Z,-0.9432829022407532,-4.436802387237549
ecmwf_aifs,12,2025-12-05T00:00:00Z,-2.2848596572875977,-4.131095886230469
ecmwf_aifs,12,2025-12-05T06:00:00Z,-1.4906563758850098,-1.5835593938827515
ecmwf_aifs,12,2025-12-05T12:00:00Z,-1.1272680759429932,-1.4592187404632568
ecmwf_aifs,12,2025-12-05T18:00:00Z,-1.2283213138580322,-0.9386181831359863
ecmwf_aifs,12,2025-12-06T00:00:00Z,-0.9050849080085754,-0.2784697115421295
ecmwf_aifs,12,2025-12-06T06:00:00Z,-0.4686446487903595,0.1919947862625122
ecmwf_aifs,12,2025-12-06T12:00:00Z,-0.1376926600933075,-1.3294591903686523
ecmwf_aifs,12,2025-12-06T18:00:00Z,-0.9072558879852295,-2.74617338180542
ecmwf_aifs,12,2025-12-07T00:00:00Z,-1.5059852600097656,-1.4264540672302246
ecmwf_aifs,12,2025-12-07T06:00:00Z,-0.6578647494316101,-0.23928356170654297
ecmwf_aifs,12,2025-12-07T12:00:00Z,-0.34924501180648804,-0.6761971712112427
ecmwf_aifs,12,2025-12-07T18:00:00Z,-0.6738796234130859,-1.6583058834075928
ecmwf_aifs,12,2025-12-08T00:00:00Z,-0.9972002506256104,-3.4572291374206543
ecmwf_aifs,12,2025-12-08T06:00:00Z,-1.1805360317230225,-2.1061296463012695
ecmwf_aifs,12,2025-12-08T12:00:00Z,-1.0453786849975586,-2.233213424682617
ecmwf_aifs,12,2025-12-08T18:00:00Z,-1.5375750064849854,-2.652909278869629
ecmwf_aifs,12,2025-12-09T00:00:00Z,-1.5014402866363525,-3.1365203857421875
ecmwf_aifs,12,2025-12-09T06:00:00Z,-1.2986669540405273,-1.1357598304748535
ecmwf_aifs,12,2025-12-09T12:00:00Z,-0.9466953277587891,-0.018359482288360596
ecmwf_aifs,12,2025-12-09T18:00:00Z,-0.7101650238037109,-0.5959835648536682
ecmwf_aifs,12,2025-12-10T00:00:00Z,-0.6299651265144348,0.24091458320617676
ecmwf_aifs,12,2025-12-10T06:00:00Z,-0.14610984921455383,0.4295084476470947
ecmwf_aifs,12,2025-12-10T12:00:00Z,0.1317812204360962,-0.9230328798294067
ecmwf_aifs,12,2025-12-10T18:00:00Z,-0.7915502190589905,0.52838134765625
ecmwf_aifs,12,2025-12-11T00:00:00Z,-0.10545536875724792,-1.3384549617767334
ecmwf_aifs,12,2025-12-11T06:00:00Z,-0.37042373418807983,0.718896746635437
ecmwf_aifs,12,2025-12-11T12:00:00Z,0.2805178761482239,0.164669930934906
ecmwf_aifs,12,2025-12-11T18:00:00Z,-0.3282478153705597,0.051044583320617676
ecmwf_aifs,12,2025-12-12T00:00:00Z,-0.28817829489707947,-0.2691652178764343
ecmwf_aifs,12,2025-12-12T06:00:00Z,0.0018482804298400879,-0.6302549839019775
ecmwf_aifs,12,2025-12-12T12:00:00Z,-0.14025866985321045,-1.4921503067016602
ecmwf_aifs,12,2025-12-12T18:00:00Z,-1.323857069015503,-1.62337064743042
ecmwf_aifs,12,2025-12-13T00:00:00Z,-1.0507267713546753,-0.33301660418510437
ecmwf_aifs,12,2025-12-13T06:00:00Z,-0.24627381563186646,-0.32275184988975525
ecmwf_aifs,12,2025-12-13T12:00:00Z,-0.09831646084785461,-0.6117801666259766
ecmwf_aifs,12,2025-12-13T18:00:00Z,-0.6081022620201111,-1.4757357835769653
ecmwf_aifs,12,2025-12-14T00:00:00Z,-0.9182629585266113,-0.6557857990264893
ecmwf_aifs,12,2025-12-14T06:00:00Z,-0.22386044263839722,-0.29237279295921326
ecmwf_aifs,12,2025-12-14T12:00:00Z,-0.10007527470588684,-0.3459789752960205
ecmwf_aifs,12,2025-12-14T18:00:00Z,-0.541561484336853,0.8774769306182861
ecmwf_aifs,12,2025-12-15T00:00:00Z,0.12485355138778687,0.38005828857421875
ecmwf_aifs,12,2025-12-15T06:00:00Z,0.13339132070541382,0.5793274641036987
ecmwf_aifs,12,2025-12-15T12:00:00Z,0.27844536304473877,-0.8745877742767334
ecmwf_aifs,12,2025-12-15T18:00:00Z,-0.9598774909973145,-1.3061318397521973
ecmwf_aifs,12,2025-12-16T00:00:00Z,-0.9311481714248657,-3.400418281555176
ecmwf_aifs,12,2025-12-16T06:00:00Z,-1.03095281124115,1.1793246269226074
ecmwf_aifs,12,2025-12-16T12:00:00Z,0.1086391806602478,-0.34041690826416016
ecmwf_aifs,12,2025-12-16T18:00:00Z,-0.2983196973800659,-1.213167428970337
ecmwf_aifs,12,2025-12-17T00:00:00Z,-0.7141374349594116,-0.7751151919364929
ecmwf_aifs,12,2025-12-17T06:00:00Z,-0.15675893425941467,1.5522152185440063
ecmwf_aifs,12,2025-12-17T12:00:00Z,0.5383375883102417,-3.0443544387817383
ecmwf_aifs,12,2025-12-17T18:00:00Z,-1.3968868255615234,-3.7884950637817383
ecmwf_aifs,12,2025-12-18T00:00:00Z,-1.9926211833953857,-1.3746521472930908
ecmwf_aifs,12,2025-12-18T06:00:00Z,-0.7800472378730774,2.3820619583129883
ecmwf_aifs,12,2025-12-18T12:00:00Z,0.1369112730026245,0.6015151739120483
ecmwf_aifs,12,2025-12-18T18:00:00Z,0.14046412706375122,-0.24082157015800476
ecmwf_aifs,12,2025-12-19T00:00:00Z,-0.2401210367679596,0.6232086420059204
ecmwf_aifs,12,2025-12-19T06:00:00Z,0.3062818646430969,0.007917284965515137
ecmwf_aifs,12,2025-12-19T12:00:00Z,0.13009434938430786,-0.30578383803367615
ecmwf_aifs,12,2025-12-19T18:00:00Z,-0.7540098428726196,-1.0585033893585205
ecmwf_aifs,12,2025-12-20T00:00:00Z,-0.7615981698036194,-2.5878710746765137
ecmwf_aifs,12,2025-12-20T06:00:00Z,-0.7419854402542114,-1.0798360109329224
ecmwf_aifs,12,2025-12-20T12:00:00Z,-0.4286142587661743,-0.8913446068763733
ecmwf_aifs,12,2025-12-20T18:00:00Z,-0.8056255578994751,-0.5157315731048584
ecmwf_aifs,12,2025-12-21T00:00:00Z,-0.43706417083740234,0.2578940987586975
ecmwf_aifs,12,2025-12-21T06:00:00Z,0.09380197525024414,1.0785096883773804
ecmwf_aifs,12,2025-12-21T12:00:00Z,0.4753175973892212,-0.8597803711891174
ecmwf_aifs,12,2025-12-21T18:00:00Z,-0.6877197623252869,-2.4916818141937256
ecmwf_aifs,12,2025-12-22T00:00:00Z,-1.4864096641540527,-1.7574220895767212
ecmwf_aifs,12,2025-12-22T06:00:00Z,-0.5932545065879822,-1.5453951358795166
ecmwf_aifs,12,2025-12-22T12:00:00Z,-0.6123581528663635,-1.8395624160766602
ecmwf_aifs,12,2025-12-22T18:00:00Z,-1.1825220584869385,0.28589099645614624
ecmwf_aifs,12,2025-12-23T00:00:00Z,-0.22125810384750366,0.4631727933883667
ecmwf_aifs,12,2025-12-23T06:00:00Z,0.06904417276382446,0.7605674266815186
ecmwf_aifs,12,2025-12-23T12:00:00Z,0.3898283839225769,-0.12667769193649292
ecmwf_aifs,12,2025-12-23T18:00:00Z,-0.3792901039123535,-1.143230676651001
ecmwf_aifs,12,2025-12-24T00:00:00Z,-0.8160974979400635,-1.1559278964996338
ecmwf_aifs,12,2025-12-24T06:00:00Z,-0.2762605845928192,-0.9375381469726562
ecmwf_aifs,12,2025-12-24T12:00:00Z,-0.27161622047424316,-0.9044313430786133
ecmwf_aifs,12,2025-12-24T18:00:00Z,-0.8406867980957031,-0.6219438910484314
ecmwf_aifs,12,2025-12-25T00:00:00Z,-0.4799748361110687,-0.32762157917022705
ecmwf_aifs,12,2025-12-25T06:00:00Z,-0.054996371269226074,0.6175795793533325
ecmwf_aifs,12,2025-12-25T12:00:00Z,0.326959490776062,-0.9890468120574951
ecmwf_aifs,12,2025-12-25T18:00:00Z,-0.7511394023895264,-1.4020507335662842
ecmwf_aifs,12,2025-12-26T00:00:00Z,-0.9211133718490601,-1.048427700996399
ecmwf_aifs,12,2025-12-26T06:00:00Z,-0.2984887361526489,-0.5274999141693115
ecmwf_aifs,12,2025-12-26T12:00:00Z,-0.14467105269432068,0.6055220365524292
ecmwf_aifs,12,2025-12-26T18:00:00Z,-0.03724932670593262,1.4229947328567505
ecmwf_aifs,12,2025-12-27T00:00:00Z,0.45223402976989746,-1.0246118307113647
ecmwf_aifs,12,2025-12-27T06:00:00Z,-0.26454150676727295,0.3571590185165405
ecmwf_aifs,12,2025-12-27T12:00:00Z,0.1641252040863037,1.33016037940979
ecmwf_aifs,12,2025-12-27T18:00:00Z,0.15487998723983765,0.08641701936721802
ecmwf_aifs,12,2025-12-28T00:00:00Z,-0.24812135100364685,-0.037760019302368164
ecmwf_aifs,12,2025-12-28T06:00:00Z,0.10050380229949951,-0.1858091652393341
ecmwf_aifs,12,2025-12-28T12:00:00Z,0.04798758029937744,0.06508690118789673
ecmwf_aifs,12,2025-12-28T18:00:00Z,-0.5399510264396667,1.7303143739700317
ecmwf_aifs,12,2025-12-29T00:00:00Z,0.5245397090911865,0.2765125036239624
ecmwf_aifs,12,2025-12-29T06:00:00Z,0.10198307037353516,0.01764601469039917
ecmwf_aifs,12,2025-12-29T12:00:00Z,0.06734269857406616,0.7409771680831909
ecmwf_aifs,12,2025-12-29T18:00:00Z,-0.22527512907981873,1.1261916160583496
ecmwf_aifs,12,2025-12-30T00:00:00Z,0.24108678102493286,-1.4133024215698242
ecmwf_aifs,12,2025-12-30T06:00:00Z,-0.36908745765686035,-1.2038203477859497
ecmwf_aifs,12,2025-12-30T12:00:00Z,-0.3731527626514435,-1.0387229919433594
ecmwf_aifs,12,2025-12-30T18:00:00Z,-1.0378813743591309,-0.16993898153305054
ecmwf_aifs,12,2025-12-31T00:00:00Z,-0.2367442548274994,-0.16285443305969238
ecmwf_aifs,12,2025-12-31T06:00:00Z,0.04531276226043701,0.45736563205718994
ecmwf_aifs,6,2025-11-07T12:00:00Z,-0.33888787031173706,0.4635598063468933
ecmwf_aifs,6,2025-11-07T18:00:00Z,-0.7639963030815125,-0.34564411640167236
ecmwf_aifs,6,2025-11-08T00:00:00Z,-0.566577672958374,-0.8431198596954346
ecmwf_aifs,6,2025-11-08T06:00:00Z,-0.5667818188667297,0.42674559354782104
ecmwf_aifs,6,2025-11-08T12:00:00Z,-0.3195071518421173,-0.8911125063896179
ecmwf_aifs,6,2025-11-08T18:00:00Z,-0.8061621785163879,0.0052258968353271484
ecmwf_aifs,6,2025-11-09T00:00:00Z,-0.5909254550933838,-1.1978944540023804
ecmwf_aifs,6,2025-11-09T06:00:00Z,-0.7198302745819092,0.2202852964401245
ecmwf_aifs,6,2025-11-09T12:00:00Z,-0.3046538531780243,0.23922622203826904
ecmwf_aifs,6,2025-11-09T18:00:00Z,-0.6980792880058289,-0.5324963331222534
ecmwf_aifs,6,2025-11-10T00:00:00Z,-0.6118485927581787,0.505222499370575
ecmwf_aifs,6,2025-11-10T06:00:00Z,-0.28510308265686035,-0.028964698314666748
ecmwf_aifs,6,2025-11-10T12:00:00Z,-0.38325077295303345,0.3213180899620056
ecmwf_aifs,6,2025-11-10T18:00:00Z,-0.5265211462974548,0.22090739011764526
ecmwf_aifs,6,2025-11-11T00:00:00Z,-0.6101105809211731,-0.26796582341194153
ecmwf_aifs,6,2025-11-11T06:00:00Z,-0.38749027252197266,0.14561885595321655
ecmwf_aifs,6,2025-11-11T12:00:00Z,-0.29280519485473633,0.6691064238548279
ecmwf_aifs,6,2025-11-11T18:00:00Z,-0.5726248621940613,-1.175649881362915
ecmwf_aifs,6,2025-11-12T00:00:00Z,-0.8572087287902832,-0.08486807346343994
ecmwf_aifs,6,2025-11-12T06:00:00Z,-0.4204033315181732,-0.21848180890083313
ecmwf_aifs,6,2025-11-12T12:00:00Z,-0.3822146952152252,1.0632250308990479
ecmwf_aifs,6,2025-11-12T18:00:00Z,-0.4971967935562134,-0.28072965145111084
ecmwf_aifs,6,2025-11-13T00:00:00Z,-0.6145244240760803,-0.1406363844871521
ecmwf_aifs,6,2025-11-13T06:00:00Z,-0.3289138972759247,0.2150362730026245
ecmwf_aifs,6,2025-11-13T12:00:00Z,-0.2926994264125824,2.816452741622925
ecmwf_aifs,6,2025-11-13T18:00:00Z,-0.5368497967720032,0.12487781047821045
ecmwf_aifs,6,2025-11-14T00:00:00Z,-0.6544696092605591,0.15461617708206177
ecmwf_aifs,6,2025-11-14T06:00:00Z,-0.17431622743606567,-0.616536021232605
ecmwf_aifs,6,2025-11-14T12:00:00Z,-0.4076659083366394,-0.4235367774963379
ecmwf_aifs,6,2025-11-14T18:00:00Z,-0.6131916642189026,-0.9591424465179443
ecmwf_aifs,6,2025-11-15T00:00:00Z,-1.0675380229949951,-0.5450422167778015
ecmwf_aifs,6,2025-11-15T06:00:00Z,-0.5279507040977478,-0.8020279407501221
ecmwf_aifs,6,2025-11-15T12:00:00Z,-0.331216037273407,0.09833580255508423
ecmwf_aifs,6,2025-11-15T18:00:00Z,-0.5575123429298401,5.240503787994385
ecmwf_aifs,6,2025-11-16T00:00:00Z,-0.37440797686576843,-0.23240956664085388
ecmwf_aifs,6,2025-11-16T06:00:00Z,-0.653060793876648,0.013927698135375977
ecmwf_aifs,6,2025-11-16T12:00:00Z,-0.17916008830070496,-0.6313937306404114
ecmwf_aifs,6,2025-11-16T18:00:00Z,-0.6930870413780212,0.15849953889846802
ecmwf_aifs,6,2025-11-17T00:00:00Z,-0.6081265211105347,1.3628408908843994
ecmwf_aifs,6,2025-11-17T06:00:00Z,-0.16282379627227783,-0.8865285515785217
ecmwf_aifs,6,2025-11-17T12:00:00Z,-0.5491171479225159,-1.243022084236145
ecmwf_aifs,6,2025-11-17T18:00:00Z,-0.5874841213226318,0.5308112502098083
ecmwf_aifs,6,2025-11-18T00:00:00Z,-0.7471883296966553,-1.4753098487854004
ecmwf_aifs,6,2025-11-18T06:00:00Z,-0.794770359992981,-3.0012195110321045
ecmwf_aifs,6,2025-11-18T12:00:00Z,-0.4217251241207123,-0.43909043073654175
ecmwf_aifs,6,2025-11-18T18:00:00Z,-0.7571707367897034,-1.2759093046188354
ecmwf_aifs,6,2025-11-19T00:00:00Z,-0.9932411909103394,-0.2461925745010376
ecmwf_aifs,6,2025-11-19T06:00:00Z,-0.5074231624603271,-0.9785507321357727
ecmwf_aifs,6,2025-11-19T12:00:00Z,-0.5632038712501526,-0.5615953207015991
ecmwf_aifs,6,2025-11-19T18:00:00Z,-0.6272323131561279,-2.7395315170288086
ecmwf_aifs,6,2025-11-20T00:00:00Z,-1.1156238317489624,0.26053595542907715
ecmwf_aifs,6,2025-11-20T06:00:00Z,-0.44701045751571655,0.7873342633247375
ecmwf_aifs,6,2025-11-20T12:00:00Z,-0.4287726581096649,-1.0450674295425415
ecmwf_aifs,6,2025-11-20T18:00:00Z,-0.6300509572029114,-2.0111570358276367
ecmwf_aifs,6,2025-11-21T00:00:00Z,-0.9464255571365356,-1.2791357040405273
ecmwf_aifs,6,2025-11-21T06:00:00Z,-0.7289876937866211,-1.2990353107452393
ecmwf_aifs,6,2025-11-21T12:00:00Z,-0.6451174020767212,0.6283305287361145
ecmwf_aifs,6,2025-11-21T18:00:00Z,-0.6003384590148926,-0.42279618978500366
ecmwf_aifs,6,2025-11-22T00:00:00Z,-0.3503616452217102,-1.8387093544006348
ecmwf_aifs,6,2025-11-22T06:00:00Z,-0.7479484677314758,-1.4242818355560303
ecmwf_aifs,6,2025-11-22T12:00:00Z,-0.3371471166610718,-0.10131663084030151
ecmwf_aifs,6,2025-11-22T18:00:00Z,-0.7300408482551575,-2.4952852725982666
ecmwf_aifs,6,2025-11-23T00:00:00Z,-1.1449918746948242,-1.159847617149353
ecmwf_aifs,6,2025-11-23T06:00:00Z,-0.5996092557907104,-0.21475404500961304
ecmwf_aifs,6,2025-11-23T12:00:00Z,-0.6184046268463135,-1.7604002952575684
ecmwf_aifs,6,2025-11-23T18:00:00Z,-0.8431730270385742,-0.9889681339263916
ecmwf_aifs,6,2025-11-24T00:00:00Z,-0.7427231669425964,-0.015055418014526367
ecmwf_aifs,6,2025-11-24T06:00:00Z,-0.36369892954826355,-0.4269010126590729
ecmwf_aifs,6,2025-11-24T12:00:00Z,-0.44568637013435364,-0.11486077308654785
ecmwf_aifs,6,2025-11-24T18:00:00Z,-0.5109437108039856,-1.5744543075561523
ecmwf_aifs,6,2025-11-25T00:00:00Z,-0.8886942863464355,0.1731705665588379
ecmwf_aifs,6,2025-11-25T06:00:00Z,-0.3923072814941406,-0.6926360130310059
ecmwf_aifs,6,2025-11-25T12:00:00Z,-0.5270712971687317,-0.786007821559906
ecmwf_aifs,6,2025-11-25T18:00:00Z,-0.6274120211601257,0.6322941184043884
ecmwf_aifs,6,2025-11-26T00:00:00Z,-0.312857985496521,0.33990567922592163
ecmwf_aifs,6,2025-11-26T06:00:00Z,-0.14763158559799194,0.7278652787208557
ecmwf_aifs,6,2025-11-26T12:00:00Z,-0.2578462064266205,-0.3778232932090759
ecmwf_aifs,6,2025-11-26T18:00:00Z,-0.5923700928688049,-0.4200877547264099
ecmwf_aifs,6,2025-11-27T00:00:00Z,-0.6935228705406189,0.13880234956741333
ecmwf_aifs,6,2025-11-27T06:00:00Z,-0.30429965257644653,0.7167308926582336
ecmwf_aifs,6,2025-11-27T12:00:00Z,-0.3230948746204376,0.8323779702186584
ecmwf_aifs,6,2025-11-27T18:00:00Z,-0.5057916641235352,0.3018643260002136
ecmwf_aifs,6,2025-11-28T00:00:00Z,-0.3733004033565521,-0.29234862327575684
ecmwf_aifs,6,2025-11-28T06:00:00Z,-0.25130897760391235,-0.7757207155227661
ecmwf_aifs,6,2025-11-28T12:00:00Z,-0.3232213854789734,-1.848694086074829
ecmwf_aifs,6,2025-11-28T18:00:00Z,-0.6970062851905823,0.1384609341621399
ecmwf_aifs,6,2025-11-29T00:00:00Z,-0.667473554611206,0.2591732144355774
ecmwf_aifs,6,2025-11-29T06:00:00Z,-0.2429291307926178,0.7247971892356873
ecmwf_aifs,6,2025-11-29T12:00:00Z,-0.33499619364738464,-0.7834326028823853
ecmwf_aifs,6,2025-11-29T18:00:00Z,-0.6172289848327637,-1.5596189498901367
ecmwf_aifs,6,2025-11-30T00:00:00Z,-0.8645355105400085,-0.08488714694976807
ecmwf_aifs,6,2025-11-30T06:00:00Z,-0.4482423663139343,1.0462687015533447
ecmwf_aifs,6,2025-11-30T12:00:00Z,-0.43854856491088867,0.4078487753868103
ecmwf_aifs,6,2025-11-30T18:00:00Z,-0.5459118485450745,-0.6100319027900696
ecmwf_aifs,6,2025-12-01T00:00:00Z,-0.49240368604660034,-0.37445396184921265
ecmwf_aifs,6,2025-12-01T06:00:00Z,-0.32578444480895996,-0.7533041834831238
ecmwf_aifs,6,2025-12-01T12:00:00Z,-0.37811794877052307,0.282465398311615
ecmwf_aifs,6,2025-12-01T18:00:00Z,-0.5250229835510254,-0.7729604244232178
ecmwf_aifs,6,2025-12-02T00:00:00Z,-0.7043180465698242,0.5116029381752014
ecmwf_aifs,6,2025-12-02T06:00:00Z,-0.2372227907180786,-0.6174195408821106
ecmwf_aifs,6,2025-12-02T12:00:00Z,-0.4615572690963745,0.5418246388435364
ecmwf_aifs,6,2025-12-02T18:00:00Z,-0.42903465032577515,-3.0043444633483887
ecmwf_aifs,6,2025-12-03T00:00:00Z,-0.9788851737976074,-0.9264902472496033
ecmwf_aifs,6,2025-12-03T06:00:00Z,-0.47120341658592224,-1.810340166091919
ecmwf_aifs,6,2025-12-03T12:00:00Z,-0.755079984664917,-2.136885404586792
ecmwf_aifs,6,2025-12-03T18:00:00Z,-0.7868781089782715,-0.0666845440864563
ecmwf_aifs,6,2025-12-04T00:00:00Z,-0.4995034337043762,0.2486666440963745
ecmwf_aifs,6,2025-12-04T06:00:00Z,0.0073302388191223145,-0.5612509846687317
ecmwf_aifs,6,2025-12-04T12:00:00Z,-0.416202187538147,1.1141541004180908
ecmwf_aifs,6,2025-12-04T18:00:00Z,-0.2799528241157532,-2.3143210411071777
ecmwf_aifs,6,2025-12-05T00:00:00Z,-0.8888999819755554,-3.248814344406128
ecmwf_aifs,6,2025-12-05T06:00:00Z,-0.8798595666885376,-4.07401704788208
ecmwf_aifs,6,2025-12-05T12:00:00Z,-0.5038569569587708,-0.8540375828742981
ecmwf_aifs,6,2025-12-05T18:00:00Z,-0.9093030691146851,-1.4895079135894775
ecmwf_aifs,6,2025-12-06T00:00:00Z,-1.186044454574585,-0.5826162695884705
ecmwf_aifs,6,2025-12-06T06:00:00Z,-0.601399302482605,-0.1736796498298645
ecmwf_aifs,6,2025-12-06T12:00:00Z,-0.45074230432510376,0.0773932933807373
ecmwf_aifs,6,2025-12-06T18:00:00Z,-0.4679381549358368,-1.6022371053695679
ecmwf_aifs,6,2025-12-07T00:00:00Z,-0.7396960854530334,-1.0205339193344116
ecmwf_aifs,6,2025-12-07T06:00:00Z,-0.5475673079490662,-0.7270907163619995
ecmwf_aifs,6,2025-12-07T12:00:00Z,-0.5066523551940918,-0.15929394960403442
ecmwf_aifs,6,2025-12-07T18:00:00Z,-0.6197122931480408,-1.3764070272445679
ecmwf_aifs,6,2025-12-08T00:00:00Z,-0.765080451965332,-1.6187019348144531
ecmwf_aifs,6,2025-12-08T06:00:00Z,-0.7538971900939941,-1.1497195959091187
ecmwf_aifs,6,2025-12-08T12:00:00Z,-0.5247793793678284,-1.6049134731292725
ecmwf_aifs,6,2025-12-08T18:00:00Z,-0.8747516870498657,-2.2420847415924072
ecmwf_aifs,6,2025-12-09T00:00:00Z,-1.0044902563095093,-2.68857741355896
ecmwf_aifs,6,2025-12-09T06:00:00Z,-1.0418936014175415,-3.1409642696380615
ecmwf_aifs,6,2025-12-09T12:00:00Z,-0.7243237495422363,-0.6646024584770203
ecmwf_aifs,6,2025-12-09T18:00:00Z,-0.8583802580833435,0.19656366109848022
ecmwf_aifs,6,2025-12-10T00:00:00Z,-0.02189570665359497,-0.6293147206306458
ecmwf_aifs,6,2025-12-10T06:00:00Z,-0.33813878893852234,0.3703048825263977
ecmwf_aifs,6,2025-12-10T12:00:00Z,-0.16679543256759644,0.2545943856239319
ecmwf_aifs,6,2025-12-10T18:00:00Z,-0.4676659107208252,-0.8525407314300537
ecmwf_aifs,6,2025-12-11T00:00:00Z,-0.5998574495315552,0.05301886796951294
ecmwf_aifs,6,2025-12-11T06:00:00Z,-0.24718308448791504,-0.4794696271419525
ecmwf_aifs,6,2025-12-11T12:00:00Z,-0.3971456289291382,0.790095865726471
ecmwf_aifs,6,2025-12-11T18:00:00Z,-0.4152432680130005,-1.2971059083938599
ecmwf_aifs,6,2025-12-12T00:00:00Z,-0.7415136098861694,0.688434898853302
ecmwf_aifs,6,2025-12-12T06:00:00Z,-0.20653238892555237,0.8276490569114685
ecmwf_aifs,6,2025-12-12T12:00:00Z,-0.3857792615890503,0.03464961051940918
ecmwf_aifs,6,2025-12-12T18:00:00Z,-0.46825557947158813,-2.2945797443389893
ecmwf_aifs,6,2025-12-13T00:00:00Z,-0.8632038831710815,-0.8233702182769775
ecmwf_aifs,6,2025-12-13T06:00:00Z,-0.5122296810150146,-0.0922514796257019
ecmwf_aifs,6,2025-12-13T12:00:00Z,-0.49382123351097107,-0.5697381496429443
ecmwf_aifs,6,2025-12-13T18:00:00Z,-0.6152776479721069,-0.9937456250190735
ecmwf_aifs,6,2025-12-14T00:00:00Z,-0.5963478684425354,-0.47802451252937317
ecmwf_aifs,6,2025-12-14T06:00:00Z,-0.39969339966773987,-0.14340883493423462
ecmwf_aifs,6,2025-12-14T12:00:00Z,-0.38257262110710144,-0.17160242795944214
ecmwf_aifs,6,2025-12-14T18:00:00Z,-0.547055184841156,-0.9894068837165833
ecmwf_aifs,6,2025-12-15T00:00:00Z,-0.6308438777923584,1.7365150451660156
ecmwf_aifs,6,2025-12-15T06:00:00Z,-0.1183353066444397,-0.35509535670280457
ecmwf_aifs,6,2025-12-15T12:00:00Z,-0.5130578875541687,0.24497032165527344
ecmwf_aifs,6,2025-12-15T18:00:00Z,-0.3395669162273407,-1.3138002157211304
ecmwf_aifs,6,2025-12-16T00:00:00Z,-0.8009540438652039,-1.4710164070129395
ecmwf_aifs,6,2025-12-16T06:00:00Z,-0.6734368801116943,-1.8276770114898682
ecmwf_aifs,6,2025-12-16T12:00:00Z,-0.5420504808425903,0.7474643588066101
ecmwf_aifs,6,2025-12-16T18:00:00Z,-0.5510008931159973,-0.5951911807060242
ecmwf_aifs,6,2025-12-17T00:00:00Z,-0.25574633479118347,-1.2459417581558228
ecmwf_aifs,6,2025-12-17T06:00:00Z,-0.5527383089065552,-0.9897363185882568
ecmwf_aifs,6,2025-12-17T12:00:00Z,-0.3538067638874054,1.268404483795166
ecmwf_aifs,6,2025-12-17T18:00:00Z,-0.4348296523094177,-3.176255226135254
ecmwf_aifs,6,2025-12-18T00:00:00Z,-1.0155819654464722,-1.4761642217636108
ecmwf_aifs,6,2025-12-18T06:00:00Z,-0.4895041286945343,-1.0009207725524902
ecmwf_aifs,6,2025-12-18T12:00:00Z,-0.6376880407333374,1.6802210807800293
ecmwf_aifs,6,2025-12-18T18:00:00Z,-0.24481433629989624,0.37671881914138794
ecmwf_aifs,6,2025-12-19T00:00:00Z,0.3263935446739197,-0.6650965809822083
ecmwf_aifs,6,2025-12-19T06:00:00Z,-0.30425405502319336,0.689923107624054
ecmwf_aifs,6,2025-12-19T12:00:00Z,-0.027651846408843994,-0.023897111415863037
ecmwf_aifs,6,2025-12-19T18:00:00Z,-0.5261819362640381,-0.9369078278541565
ecmwf_aifs,6,2025-12-20T00:00:00Z,-0.6536337733268738,-0.17252695560455322
ecmwf_aifs,6,2025-12-20T06:00:00Z,-0.27545610070228577,-1.4984749555587769
ecmwf_aifs,6,2025-12-20T12:00:00Z,-0.48112812638282776,-0.33967098593711853
ecmwf_aifs,6,2025-12-20T18:00:00Z,-0.5292211771011353,-0.7751951217651367
ecmwf_aifs,6,2025-12-21T00:00:00Z,-0.6391816139221191,-0.42016714811325073
ecmwf_aifs,6,2025-12-21T06:00:00Z,-0.359452486038208,-0.6049429178237915
ecmwf_aifs,6,2025-12-21T12:00:00Z,-0.4238382577896118,1.5246942043304443
ecmwf_aifs,6,2025-12-21T18:00:00Z,-0.36659130454063416,-1.4047824144363403
ecmwf_aifs,6,2025-12-22T00:00:00Z,-0.6321648359298706,-1.5503617525100708
ecmwf_aifs,6,2025-12-22T06:00:00Z,-0.5978661179542542,-1.4682130813598633
ecmwf_aifs,6,2025-12-22T12:00:00Z,-0.489285945892334,-1.3835673332214355
ecmwf_aifs,6,2025-12-22T18:00:00Z,-0.7987928986549377,-1.5331625938415527
ecmwf_aifs,6,2025-12-23T00:00:00Z,-0.8523048162460327,0.2032686471939087
ecmwf_aifs,6,2025-12-23T06:00:00Z,-0.2776336073875427,0.41231077909469604
ecmwf_aifs,6,2025-12-23T12:00:00Z,-0.31875982880592346,0.7814397215843201
ecmwf_aifs,6,2025-12-23T18:00:00Z,-0.26110294461250305,-0.3626598119735718
ecmwf_aifs,6,2025-12-24T00:00:00Z,-0.2582455277442932,-1.003029704093933
ecmwf_aifs,6,2025-12-24T06:00:00Z,-0.40774956345558167,-1.2107917070388794
ecmwf_aifs,6,2025-12-24T12:00:00Z,-0.3629988133907318,-0.2868703305721283
ecmwf_aifs,6,2025-12-24T18:00:00Z,-0.5741934776306152,-1.2688664197921753
ecmwf_aifs,6,2025-12-25T00:00:00Z,-0.768565833568573,-0.5543840527534485
ecmwf_aifs,6,2025-12-25T06:00:00Z,-0.4459726810455322,-0.17973816394805908
ecmwf_aifs,6,2025-12-25T12:00:00Z,-0.44524097442626953,-0.029133617877960205
ecmwf_aifs,6,2025-12-25T18:00:00Z,-0.4889359176158905,-1.762312412261963
ecmwf_aifs,6,2025-12-26T00:00:00Z,-0.778751790523529,0.15604043006896973
ecmwf_aifs,6,2025-12-26T06:00:00Z,-0.2600210905075073,-0.9265774488449097
ecmwf_aifs,6,2025-12-26T12:00:00Z,-0.5081709623336792,-1.4081740379333496
ecmwf_aifs,6,2025-12-26T18:00:00Z,-0.6099265217781067,0.952725350856781
ecmwf_aifs,6,2025-12-27T00:00:00Z,-0.04229724407196045,1.503469705581665
ecmwf_aifs,6,2025-12-27T06:00:00Z,0.34022557735443115,-0.9646426439285278
ecmwf_aifs,6,2025-12-27T12:00:00Z,-0.48972296714782715,1.5229501724243164
ecmwf_aifs,6,2025-12-27T18:00:00Z,-0.18748921155929565,0.04772603511810303
ecmwf_aifs,6,2025-12-28T00:00:00Z,-0.317859411239624,-0.4412268400192261
ecmwf_aifs,6,2025-12-28T06:00:00Z,-0.17676985263824463,-0.3925725221633911
ecmwf_aifs,6,2025-12-28T12:00:00Z,-0.24195650219917297,-0.6957744359970093
ecmwf_aifs,6,2025-12-28T18:00:00Z,-0.5397276282310486,0.1755327582359314
ecmwf_aifs,6,2025-12-29T00:00:00Z,-0.37480252981185913,0.7462498545646667
ecmwf_aifs,6,2025-12-29T06:00:00Z,0.026065289974212646,0.3508490324020386
ecmwf_aifs,6,2025-12-29T12:00:00Z,-0.2985246181488037,0.11042076349258423
ecmwf_aifs,6,2025-12-29T18:00:00Z,-0.3869518041610718,0.0969666838645935
ecmwf_aifs,6,2025-12-30T00:00:00Z,-0.3448631465435028,0.0373416543006897
ecmwf_aifs,6,2025-12-30T06:00:00Z,-0.12461817264556885,-2.5054244995117188
ecmwf_aifs,6,2025-12-30T12:00:00Z,-0.5687282085418701,-1.1707957983016968
ecmwf_aifs,6,2025-12-30T18:00:00Z,-0.5638927817344666,-0.8947269916534424
ecmwf_aifs,6,2025-12-31T00:00:00Z,-0.829264223575592,0.3274329900741577
ecmwf_aifs,6,2025-12-31T06:00:00Z,-0.1828194558620453,-0.03362351655960083
ecmwf_aifs,6,2025-12-31T12:00:00Z,-0.3511196970939636,0.22149419784545898
gefs_mean,12,2025-11-07T12:00:00Z,-0.17553293704986572,-0.07164812088012695
gefs_mean,12,2025-11-07T18:00:00Z,-0.023204326629638672,-1.5307729244232178
gefs_mean,12,2025-11-08T00:00:00Z,-0.8827221393585205,-1.1588858366012573
gefs_mean,12,2025-11-08T06:00:00Z,-0.8348402380943298,-0.6853043437004089
gefs_mean,12,2025-11-08T12:00:00Z,-0.579175591468811,0.5975629091262817
gefs_mean,12,2025-11-08T18:00:00Z,0.215051531791687,0.8227570056915283
gefs_mean,12,2025-11-09T00:00:00Z,0.16902053356170654,0.8631105422973633
gefs_mean,12,2025-11-09T06:00:00Z,-0.3307539224624634,1.5775227546691895
gefs_mean,12,2025-11-09T12:00:00Z,0.22541677951812744,-0.23995482921600342
gefs_mean,12,2025-11-09T18:00:00Z,-0.04760444164276123,0.09594178199768066
gefs_mean,12,2025-11-10T00:00:00Z,-0.26899129152297974,-0.5681056976318359
gefs_mean,12,2025-11-10T06:00:00Z,-0.7079318165779114,0.3086512088775635
gefs_mean,12,2025-11-10T12:00:00Z,-0.2627103328704834,0.6262640953063965
gefs_mean,12,2025-11-10T18:00:00Z,0.296886682510376,0.9497237205505371
gefs_mean,12,2025-11-11T00:00:00Z,0.14443135261535645,1.59531569480896
gefs_mean,12,2025-11-11T06:00:00Z,-0.1344294548034668,-0.021693944931030273
gefs_mean,12,2025-11-11T12:00:00Z,-0.1673663854598999,-1.1660584211349487
gefs_mean,12,2025-11-11T18:00:00Z,-0.4307239055633545,-0.3251730799674988
gefs_mean,12,2025-11-12T00:00:00Z,-0.42255574464797974,-1.26334810256958
gefs_mean,12,2025-11-12T06:00:00Z,-0.8280567526817322,-1.6211268901824951
gefs_mean,12,2025-11-12T12:00:00Z,-0.7497482299804688,-0.6769869923591614
gefs_mean,12,2025-11-12T18:00:00Z,-0.3381699323654175,-0.9171273708343506
gefs_mean,12,2025-11-13T00:00:00Z,-0.545519232749939,-0.28523099422454834
gefs_mean,12,2025-11-13T06:00:00Z,-0.5660232901573181,1.614790916442871
gefs_mean,12,2025-11-13T12:00:00Z,0.18799340724945068,-0.09092962741851807
gefs_mean,12,2025-11-13T18:00:00Z,0.12296080589294434,0.8203957080841064
gefs_mean,12,2025-11-14T00:00:00Z,0.06599915027618408,0.49424946308135986
gefs_mean,12,2025-11-14T06:00:00Z,-0.5253773927688599,-1.2629727125167847
gefs_mean,12,2025-11-14T12:00:00Z,-0.6186413764953613,0.4384000301361084
gefs_mean,12,2025-11-14T18:00:00Z,0.059722065925598145,1.3217554092407227
gefs_mean,12,2025-11-15T00:00:00Z,0.26302897930145264,0.5088872909545898
gefs_mean,12,2025-11-15T06:00:00Z,-0.46608632802963257,1.5635976791381836
gefs_mean,12,2025-11-15T12:00:00Z,0.21392524242401123,5.026338577270508
gefs_mean,12,2025-11-15T18:00:00Z,1.607004165649414,-0.9851557612419128
gefs_mean,12,2025-11-16T00:00:00Z,-1.2135133743286133,-0.01777780055999756
gefs_mean,12,2025-11-16T06:00:00Z,-0.48528456687927246,-0.8168751001358032
gefs_mean,12,2025-11-16T12:00:00Z,-0.5697991847991943,0.3673837184906006
gefs_mean,12,2025-11-16T18:00:00Z,0.06352615356445312,1.3833122253417969
gefs_mean,12,2025-11-17T00:00:00Z,0.3577979803085327,-0.3899993896484375
gefs_mean,12,2025-11-17T06:00:00Z,-0.6110668778419495,-1.2745426893234253
gefs_mean,12,2025-11-17T12:00:00Z,-0.5137303471565247,0.852938175201416
gefs_mean,12,2025-11-17T18:00:00Z,0.285017728805542,-0.25267493724823
gefs_mean,12,2025-11-18T00:00:00Z,-0.3102535605430603,-1.9814618825912476
gefs_mean,12,2025-11-18T06:00:00Z,-0.9513113498687744,-1.3438563346862793
gefs_mean,12,2025-11-18T12:00:00Z,-0.715913712978363,-0.24604099988937378
gefs_mean,12,2025-11-18T18:00:00Z,-0.14384853839874268,1.8103327751159668
gefs_mean,12,2025-11-19T00:00:00Z,0.5730477571487427,0.993060827255249
gefs_mean,12,2025-11-19T06:00:00Z,-0.3752760887145996,-1.2313121557235718
gefs_mean,12,2025-11-19T12:00:00Z,-0.4851638674736023,-1.239530086517334
gefs_mean,12,2025-11-19T18:00:00Z,-0.5264244675636292,2.3087093830108643
gefs_mean,12,2025-11-20T00:00:00Z,0.4918949604034424,2.8268399238586426
gefs_mean,12,2025-11-20T06:00:00Z,0.12160992622375488,-0.8215585947036743
gefs_mean,12,2025-11-20T12:00:00Z,-0.3723328709602356,-0.07962346076965332
gefs_mean,12,2025-11-20T18:00:00Z,0.019566774368286133,-0.042162418365478516
gefs_mean,12,2025-11-21T00:00:00Z,-0.29612642526626587,-0.5215343236923218
gefs_mean,12,2025-11-21T06:00:00Z,-0.6421676874160767,0.30555760860443115
gefs_mean,12,2025-11-21T12:00:00Z,-0.1817096471786499,0.30492615699768066
gefs_mean,12,2025-11-21T18:00:00Z,0.2842082977294922,-1.1240313053131104
gefs_mean,12,2025-11-22T00:00:00Z,-0.7011626362800598,-0.398665189743042
gefs_mean,12,2025-11-22T06:00:00Z,-0.584435224533081,-0.8296694755554199
gefs_mean,12,2025-11-22T12:00:00Z,-0.4861980676651001,-0.9048175811767578
gefs_mean,12,2025-11-22T18:00:00Z,-0.28962260484695435,0.2892794609069824
gefs_mean,12,2025-11-23T00:00:00Z,-0.03277146816253662,-0.5752683281898499
gefs_mean,12,2025-11-23T06:00:00Z,-0.696806788444519,-2.5034995079040527
gefs_mean,12,2025-11-23T12:00:00Z,-0.9267022609710693,-1.3430575132369995
gefs_mean,12,2025-11-23T18:00:00Z,-0.6304284334182739,-0.020006179809570312
gefs_mean,12,2025-11-24T00:00:00Z,-0.2384440302848816,1.5237557888031006
gefs_mean,12,2025-11-24T06:00:00Z,-0.08917105197906494,-0.8569746017456055
gefs_mean,12,2025-11-24T12:00:00Z,-0.4552770256996155,-0.38506656885147095
gefs_mean,12,2025-11-24T18:00:00Z,-0.06478571891784668,1.1515216827392578
gefs_mean,12,2025-11-25T00:00:00Z,0.23809003829956055,-0.6717737913131714
gefs_mean,12,2025-11-25T06:00:00Z,-0.8734351396560669,-1.0342273712158203
gefs_mean,12,2025-11-25T12:00:00Z,-0.5520607233047485,1.0035285949707031
gefs_mean,12,2025-11-25T18:00:00Z,0.36019575595855713,1.3183434009552002
gefs_mean,12,2025-11-26T00:00:00Z,0.34262120723724365,0.3595477342605591
gefs_mean,12,2025-11-26T06:00:00Z,-0.5256481170654297,0.2554166316986084
gefs_mean,12,2025-11-26T12:00:00Z,-0.0906531810760498,-0.3332245349884033
gefs_mean,12,2025-11-26T18:00:00Z,-0.0381925106048584,-0.6181071400642395
gefs_mean,12,2025-11-27T00:00:00Z,-0.4910213351249695,0.425754189491272
gefs_mean,12,2025-11-27T06:00:00Z,-0.4002869725227356,0.5290460586547852
gefs_mean,12,2025-11-27T12:00:00Z,-0.01346743106842041,0.5806620121002197
gefs_mean,12,2025-11-27T18:00:00Z,0.4793204069137573,0.3200531005859375
gefs_mean,12,2025-11-28T00:00:00Z,-0.09837067127227783,-0.333498477935791
gefs_mean,12,2025-11-28T06:00:00Z,-0.5992899537086487,-1.5925402641296387
gefs_mean,12,2025-11-28T12:00:00Z,-0.6803143620491028,0.327001690864563
gefs_mean,12,2025-11-28T18:00:00Z,0.09829092025756836,1.2309513092041016
gefs_mean,12,2025-11-29T00:00:00Z,0.3844573497772217,1.3420426845550537
gefs_mean,12,2025-11-29T06:00:00Z,-0.19800734519958496,-1.7029368877410889
gefs_mean,12,2025-11-29T12:00:00Z,-0.6154434084892273,-0.37972491979599
gefs_mean,12,2025-11-29T18:00:00Z,-0.1388911008834839,-0.030430316925048828
gefs_mean,12,2025-11-30T00:00:00Z,-0.21502339839935303,0.9366850852966309
gefs_mean,12,2025-11-30T06:00:00Z,-0.23126596212387085,-0.7874535322189331
gefs_mean,12,2025-11-30T12:00:00Z,-0.3596246838569641,-0.5915400385856628
gefs_mean,12,2025-11-30T18:00:00Z,-0.0994035005569458,-1.7733983993530273
gefs_mean,12,2025-12-01T00:00:00Z,-0.9372763633728027,-1.0968420505523682
gefs_mean,12,2025-12-01T06:00:00Z,-0.7983310222625732,-0.47636228799819946
gefs_mean,12,2025-12-01T12:00:00Z,-0.4209803342819214,-1.0909812450408936
gefs_mean,12,2025-12-01T18:00:00Z,-0.29590922594070435,-0.233545184135437
gefs_mean,12,2025-12-02T00:00:00Z,-0.2114323377609253,-0.7070152759552002
gefs_mean,12,2025-12-02T06:00:00Z,-0.7566429376602173,0.46452999114990234
gefs_mean,12,2025-12-02T12:00:00Z,-0.08188414573669434,-0.9339309930801392
gefs_mean,12,2025-12-02T18:00:00Z,-0.2856815457344055,1.6561684608459473
gefs_mean,12,2025-12-03T00:00:00Z,0.49774622917175293,0.48934340476989746
gefs_mean,12,2025-12-03T06:00:00Z,-0.6415201425552368,-2.4299888610839844
gefs_mean,12,2025-12-03T12:00:00Z,-0.8821899890899658,-0.7097830176353455
gefs_mean,12,2025-12-03T18:00:00Z,-0.3933253288269043,-0.2986959218978882
gefs_mean,12,2025-12-04T00:00:00Z,-0.3382985591888428,-1.7850775718688965
gefs_mean,12,2025-12-04T06:00:00Z,-0.9882345199584961,0.47798407077789307
gefs_mean,12,2025-12-04T12:00:00Z,-0.1730785369873047,0.4069613218307495
gefs_mean,12,2025-12-04T18:00:00Z,0.45834362506866455,0.7418438196182251
gefs_mean,12,2025-12-05T00:00:00Z,0.15828371047973633,-0.5968096256256104
gefs_mean,12,2025-12-05T06:00:00Z,-0.7997048497200012,-1.4859336614608765
gefs_mean,12,2025-12-05T12:00:00Z,-0.6616988182067871,-1.763271689414978
gefs_mean,12,2025-12-05T18:00:00Z,-0.743430495262146,-1.7097854614257812
gefs_mean,12,2025-12-06T00:00:00Z,-0.8994488716125488,-1.6349897384643555
gefs_mean,12,2025-12-06T06:00:00Z,-0.9398192167282104,-0.640581488609314
gefs_mean,12,2025-12-06T12:00:00Z,-0.4753389358520508,-2.8625757694244385
gefs_mean,12,2025-12-06T18:00:00Z,-1.0816073417663574,-3.1058974266052246
gefs_mean,12,2025-12-07T00:00:00Z,-1.3042268753051758,-3.125758647918701
gefs_mean,12,2025-12-07T06:00:00Z,-1.3820521831512451,-1.3602633476257324
gefs_mean,12,2025-12-07T12:00:00Z,-0.9333858489990234,-1.2246873378753662
gefs_mean,12,2025-12-07T18:00:00Z,-0.6016049385070801,-1.2137130498886108
gefs_mean,12,2025-12-08T00:00:00Z,-0.9491353034973145,-0.6162347197532654
gefs_mean,12,2025-12-08T06:00:00Z,-1.0072972774505615,-2.5663187503814697
gefs_mean,12,2025-12-08T12:00:00Z,-1.3594778776168823,-1.2373250722885132
gefs_mean,12,2025-12-08T18:00:00Z,-0.7425498366355896,1.6253094673156738
gefs_mean,12,2025-12-09T00:00:00Z,0.2771615982055664,0.5310592651367188
gefs_mean,12,2025-12-09T06:00:00Z,-0.8138747215270996,-0.3911172151565552
gefs_mean,12,2025-12-09T12:00:00Z,-0.3424612879753113,0.8695163726806641
gefs_mean,12,2025-12-09T18:00:00Z,0.42140281200408936,-0.3463383913040161
gefs_mean,12,2025-12-10T00:00:00Z,-0.5947375893592834,0.5471934080123901
gefs_mean,12,2025-12-10T06:00:00Z,-0.38324081897735596,0.5554810762405396
gefs_mean,12,2025-12-10T12:00:00Z,-0.024460792541503906,-0.7900938987731934
gefs_mean,12,2025-12-10T18:00:00Z,-0.15840578079223633,-1.1497000455856323
gefs_mean,12,2025-12-11T00:00:00Z,-0.6803125739097595,-0.3282695412635803
gefs_mean,12,2025-12-11T06:00:00Z,-0.5918871760368347,-0.12772417068481445
gefs_mean,12,2025-12-11T12:00:00Z,-0.19900012016296387,-1.0167380571365356
gefs_mean,12,2025-12-11T18:00:00Z,-0.18994593620300293,1.4776816368103027
gefs_mean,12,2025-12-12T00:00:00Z,0.5664540529251099,1.6989545822143555
gefs_mean,12,2025-12-12T06:00:00Z,-0.121978759765625,0.1156386137008667
gefs_mean,12,2025-12-12T12:00:00Z,-0.025457024574279785,-2.3611016273498535
gefs_mean,12,2025-12-12T18:00:00Z,-0.9311853647232056,-1.1692436933517456
gefs_mean,12,2025-12-13T00:00:00Z,-0.7361471056938171,-0.10521209239959717
gefs_mean,12,2025-12-13T06:00:00Z,-0.586390495300293,-1.3347066640853882
gefs_mean,12,2025-12-13T12:00:00Z,-0.5620816946029663,-1.6627073287963867
gefs_mean,12,2025-12-13T18:00:00Z,-0.5274222493171692,-1.0258933305740356
gefs_mean,12,2025-12-14T00:00:00Z,-0.5251016616821289,0.6565711498260498
gefs_mean,12,2025-12-14T06:00:00Z,-0.2568071484565735,-1.3509743213653564
gefs_mean,12,2025-12-14T12:00:00Z,-0.5953709483146667,-2.0922634601593018
gefs_mean,12,2025-12-14T18:00:00Z,-0.7879691123962402,0.3615891933441162
gefs_mean,12,2025-12-15T00:00:00Z,-0.029321670532226562,1.7274880409240723
gefs_mean,12,2025-12-15T06:00:00Z,-0.03171825408935547,0.32364320755004883
gefs_mean,12,2025-12-15T12:00:00Z,-0.03552114963531494,-1.7295200824737549
gefs_mean,12,2025-12-15T18:00:00Z,-0.6967969536781311,-1.8817321062088013
gefs_mean,12,2025-12-16T00:00:00Z,-1.019479513168335,-3.160943031311035
gefs_mean,12,2025-12-16T06:00:00Z,-1.3276580572128296,1.284372091293335
gefs_mean,12,2025-12-16T12:00:00Z,-0.2065107822418213,0.41139400005340576
gefs_mean,12,2025-12-16T18:00:00Z,0.5942407846450806,-0.636134147644043
gefs_mean,12,2025-12-17T00:00:00Z,-0.6373867988586426,-1.1972929239273071
gefs_mean,12,2025-12-17T06:00:00Z,-0.8638749122619629,-0.8745967745780945
gefs_mean,12,2025-12-17T12:00:00Z,-0.5424531698226929,-4.298535346984863
gefs_mean,12,2025-12-17T18:00:00Z,-1.559539794921875,-0.8257120847702026
gefs_mean,12,2025-12-18T00:00:00Z,-0.7364043593406677,0.754440188407898
gefs_mean,12,2025-12-18T06:00:00Z,-0.30043357610702515,-0.5585660934448242
gefs_mean,12,2025-12-18T12:00:00Z,-0.3064732551574707,-1.8963332176208496
gefs_mean,12,2025-12-18T18:00:00Z,-0.7289547920227051,-1.9575246572494507
gefs_mean,12,2025-12-19T00:00:00Z,-1.0538413524627686,0.32236945629119873
gefs_mean,12,2025-12-19T06:00:00Z,-0.5130276679992676,-0.31255239248275757
gefs_mean,12,2025-12-19T12:00:00Z,-0.3091939687728882,-0.1286170482635498
gefs_mean,12,2025-12-19T18:00:00Z,0.19209253787994385,0.3697713613510132
gefs_mean,12,2025-12-20T00:00:00Z,-0.07462263107299805,0.42201292514801025
gefs_mean,12,2025-12-20T06:00:00Z,-0.5506763458251953,1.0610628128051758
gefs_mean,12,2025-12-20T12:00:00Z,0.1683058738708496,-0.6583550572395325
gefs_mean,12,2025-12-20T18:00:00Z,-0.1551971435546875,-3.497737169265747
gefs_mean,12,2025-12-21T00:00:00Z,-1.569595456123352,-0.15775823593139648
gefs_mean,12,2025-12-21T06:00:00Z,-0.7791211605072021,0.6940151453018188
gefs_mean,12,2025-12-21T12:00:00Z,0.006732463836669922,-0.8612609505653381
gefs_mean,12,2025-12-21T18:00:00Z,-0.032503366470336914,0.5050904750823975
gefs_mean,12,2025-12-22T00:00:00Z,0.21434378623962402,2.5863094329833984
gefs_mean,12,2025-12-22T06:00:00Z,0.24201750755310059,-0.6474164724349976
gefs_mean,12,2025-12-22T12:00:00Z,-0.4267164468765259,-1.7906466722488403
gefs_mean,12,2025-12-22T18:00:00Z,-0.6347091794013977,0.9775433540344238
gefs_mean,12,2025-12-23T00:00:00Z,0.18468999862670898,1.288477897644043
gefs_mean,12,2025-12-23T06:00:00Z,-0.17900240421295166,1.2328271865844727
gefs_mean,12,2025-12-23T12:00:00Z,0.37428784370422363,-0.10326540470123291
gefs_mean,12,2025-12-23T18:00:00Z,0.24714934825897217,-1.312384009361267
gefs_mean,12,2025-12-24T00:00:00Z,-0.8368573188781738,-2.0816729068756104
gefs_mean,12,2025-12-24T06:00:00Z,-1.04545259475708,-2.317676067352295
gefs_mean,12,2025-12-24T12:00:00Z,-0.9648720026016235,-0.5501567125320435
gefs_mean,12,2025-12-24T18:00:00Z,-0.17720544338226318,0.0241091251373291
gefs_mean,12,2025-12-25T00:00:00Z,0.08874988555908203,-0.4981755018234253
gefs_mean,12,2025-12-25T06:00:00Z,-0.6665388345718384,-0.525142252445221
gefs_mean,12,2025-12-25T12:00:00Z,-0.22020840644836426,-1.95790696144104
gefs_mean,12,2025-12-25T18:00:00Z,-0.7311086654663086,-1.0543410778045654
gefs_mean,12,2025-12-26T00:00:00Z,-0.5859595537185669,-1.0278254747390747
gefs_mean,12,2025-12-26T06:00:00Z,-0.8575969338417053,-0.362541139125824
gefs_mean,12,2025-12-26T12:00:00Z,-0.2852756977081299,2.137312889099121
gefs_mean,12,2025-12-26T18:00:00Z,1.0969982147216797,-0.6021863222122192
gefs_mean,12,2025-12-27T00:00:00Z,-0.9518907070159912,-2.5819454193115234
gefs_mean,12,2025-12-27T06:00:00Z,-1.1858571767807007,0.28139162063598633
gefs_mean,12,2025-12-27T12:00:00Z,-0.3350948691368103,-0.2744441628456116
gefs_mean,12,2025-12-27T18:00:00Z,0.17772018909454346,-1.9115036725997925
gefs_mean,12,2025-12-28T00:00:00Z,-1.1299265623092651,-0.47826361656188965
gefs_mean,12,2025-12-28T06:00:00Z,-0.6124829053878784,0.827570915222168
gefs_mean,12,2025-12-28T12:00:00Z,0.15374422073364258,1.8127655982971191
gefs_mean,12,2025-12-28T18:00:00Z,1.1833217144012451,3.9805850982666016
gefs_mean,12,2025-12-29T00:00:00Z,1.337385654449463,-0.9176861643791199
gefs_mean,12,2025-12-29T06:00:00Z,-1.465895652770996,0.7233399152755737
gefs_mean,12,2025-12-29T12:00:00Z,-0.02395331859588623,0.3329734802246094
gefs_mean,12,2025-12-29T18:00:00Z,0.3206232786178589,-0.2501435875892639
gefs_mean,12,2025-12-30T00:00:00Z,-0.3658328652381897,-1.0351836681365967
gefs_mean,12,2025-12-30T06:00:00Z,-0.7557298541069031,-0.8512131571769714
gefs_mean,12,2025-12-30T12:00:00Z,-0.4264572858810425,-0.8464173078536987
gefs_mean,12,2025-12-30T18:00:00Z,-0.0819159746170044,0.25326406955718994
gefs_mean,12,2025-12-31T00:00:00Z,0.18035411834716797,-0.002851724624633789
gefs_mean,12,2025-12-31T06:00:00Z,-0.44364821910858154,0.19033515453338623
gefs_mean,6,2025-11-07T06:00:00Z,-0.23243296146392822,-0.4950658082962036
gefs_mean,6,2025-11-07T12:00:00Z,-0.7594155073165894,1.1004213094711304
gefs_mean,6,2025-11-07T18:00:00Z,-0.2871996760368347,-0.48378241062164307
gefs_mean,6,2025-11-08T00:00:00Z,-0.14309298992156982,-1.666793704032898
gefs_mean,6,2025-11-08T06:00:00Z,-0.696571946144104,-0.24753326177597046
gefs_mean,6,2025-11-08T12:00:00Z,-0.8088722229003906,-0.7365198731422424
gefs_mean,6,2025-11-08T18:00:00Z,-0.6100736856460571,0.7306060791015625
gefs_mean,6,2025-11-09T00:00:00Z,0.0717012882232666,0.471809983253479
gefs_mean,6,2025-11-09T06:00:00Z,-0.21106338500976562,0.34048521518707275
gefs_mean,6,2025-11-09T12:00:00Z,-0.5857866406440735,1.1060513257980347
gefs_mean,6,2025-11-09T18:00:00Z,-0.21237921714782715,-0.16197383403778076
gefs_mean,6,2025-11-10T00:00:00Z,-0.06323957443237305,-0.05534040927886963
gefs_mean,6,2025-11-10T06:00:00Z,-0.356533944606781,-0.3939354419708252
gefs_mean,6,2025-11-10T12:00:00Z,-0.7467106580734253,0.3685215711593628
gefs_mean,6,2025-11-10T18:00:00Z,-0.38944554328918457,0.10672390460968018
gefs_mean,6,2025-11-11T00:00:00Z,-0.02592635154724121,0.7625919580459595
gefs_mean,6,2025-11-11T06:00:00Z,-0.15987896919250488,1.4564179182052612
gefs_mean,6,2025-11-11T12:00:00Z,-0.38522768020629883,-0.24897176027297974
gefs_mean,6,2025-11-11T18:00:00Z,-0.36912965774536133,-1.1869237422943115
gefs_mean,6,2025-11-12T00:00:00Z,-0.2602466940879822,-0.8341432213783264
gefs_mean,6,2025-11-12T06:00:00Z,-0.5250088572502136,-1.573906421661377
gefs_mean,6,2025-11-12T12:00:00Z,-0.997826099395752,-1.2057124376296997
gefs_mean,6,2025-11-12T18:00:00Z,-0.7590672373771667,-0.5449801683425903
gefs_mean,6,2025-11-13T00:00:00Z,-0.23090803623199463,-0.8195730447769165
gefs_mean,6,2025-11-13T06:00:00Z,-0.5298464298248291,-0.2689394950866699
gefs_mean,6,2025-11-13T12:00:00Z,-0.7686953544616699,1.8933647871017456
gefs_mean,6,2025-11-13T18:00:00Z,-0.1369919776916504,-0.26880306005477905
gefs_mean,6,2025-11-14T00:00:00Z,-0.09230995178222656,1.0095266103744507
gefs_mean,6,2025-11-14T06:00:00Z,-0.18826162815093994,0.6489855051040649
gefs_mean,6,2025-11-14T12:00:00Z,-0.5677255988121033,-0.6546043753623962
gefs_mean,6,2025-11-14T18:00:00Z,-0.5563784241676331,0.24138152599334717
gefs_mean,6,2025-11-15T00:00:00Z,-0.053714752197265625,1.0227280855178833
gefs_mean,6,2025-11-15T06:00:00Z,-0.14565575122833252,0.4976431131362915
gefs_mean,6,2025-11-15T12:00:00Z,-0.5378565192222595,1.4650763273239136
gefs_mean,6,2025-11-15T18:00:00Z,-0.10291004180908203,4.2266364097595215
gefs_mean,6,2025-11-16T00:00:00Z,0.7074853181838989,-0.4690767526626587
gefs_mean,6,2025-11-16T06:00:00Z,-0.3214501738548279,-0.1663651466369629
gefs_mean,6,2025-11-16T12:00:00Z,-0.6880679726600647,-1.2055840492248535
gefs_mean,6,2025-11-16T18:00:00Z,-0.6276766061782837,0.4303847551345825
gefs_mean,6,2025-11-17T00:00:00Z,0.06611084938049316,1.510616660118103
gefs_mean,6,2025-11-17T06:00:00Z,0.006472945213317871,-0.48622560501098633
gefs_mean,6,2025-11-17T12:00:00Z,-0.6539888978004456,-1.5307732820510864
gefs_mean,6,2025-11-17T18:00:00Z,-0.6598254442214966,0.5566885471343994
gefs_mean,6,2025-11-18T00:00:00Z,0.10159909725189209,-0.540643572807312
gefs_mean,6,2025-11-18T06:00:00Z,-0.37925463914871216,-2.026772975921631
gefs_mean,6,2025-11-18T12:00:00Z,-1.0316128730773926,-1.119118094444275
gefs_mean,6,2025-11-18T18:00:00Z,-0.7180427312850952,-0.2144531011581421
gefs_mean,6,2025-11-19T00:00:00Z,-0.16902434825897217,1.7355538606643677
gefs_mean,6,2025-11-19T06:00:00Z,-0.02039968967437744,1.0105575323104858
gefs_mean,6,2025-11-19T12:00:00Z,-0.4444771409034729,-1.2215161323547363
gefs_mean,6,2025-11-19T18:00:00Z,-0.593248724937439,-1.3623427152633667
gefs_mean,6,2025-11-20T00:00:00Z,-0.3940446972846985,2.363313674926758
gefs_mean,6,2025-11-20T06:00:00Z,0.02750253677368164,2.697248935699463
gefs_mean,6,2025-11-20T12:00:00Z,-0.19831597805023193,-0.9939625859260559
gefs_mean,6,2025-11-20T18:00:00Z,-0.47834157943725586,-0.2271033525466919
gefs_mean,6,2025-11-21T00:00:00Z,-0.09747970104217529,-0.05586898326873779
gefs_mean,6,2025-11-21T06:00:00Z,-0.34862220287323,-0.8339257836341858
gefs_mean,6,2025-11-21T12:00:00Z,-0.8064827919006348,-0.04387712478637695
gefs_mean,6,2025-11-21T18:00:00Z,-0.40083062648773193,0.14397358894348145
gefs_mean,6,2025-11-22T00:00:00Z,0.061542630195617676,-0.664729654788971
gefs_mean,6,2025-11-22T06:00:00Z,-0.4323606491088867,-0.3142883777618408
gefs_mean,6,2025-11-22T12:00:00Z,-0.7434870600700378,-0.4310903549194336
gefs_mean,6,2025-11-22T18:00:00Z,-0.4756964445114136,-0.7222810983657837
gefs_mean,6,2025-11-23T00:00:00Z,-0.14363157749176025,0.266107439994812
gefs_mean,6,2025-11-23T06:00:00Z,-0.2827288508415222,-0.5126981139183044
gefs_mean,6,2025-11-23T12:00:00Z,-0.7697058320045471,-2.5247414112091064
gefs_mean,6,2025-11-23T18:00:00Z,-0.9752203226089478,-1.3065882921218872
gefs_mean,6,2025-11-24T00:00:00Z,-0.47701913118362427,0.052109718322753906
gefs_mean,6,2025-11-24T06:00:00Z,-0.4111729860305786,1.6401628255844116
gefs_mean,6,2025-11-24T12:00:00Z,-0.4158746004104614,-0.8110459446907043
gefs_mean,6,2025-11-24T18:00:00Z,-0.5263196229934692,-0.47210729122161865
gefs_mean,6,2025-11-25T00:00:00Z,-0.19172751903533936,0.9633420705795288
gefs_mean,6,2025-11-25T06:00:00Z,-0.1846867799758911,-0.4017977714538574
gefs_mean,6,2025-11-25T12:00:00Z,-0.7272372841835022,-0.9822197556495667
gefs_mean,6,2025-11-25T18:00:00Z,-0.6326203346252441,0.5172926187515259
gefs_mean,6,2025-11-26T00:00:00Z,0.03695380687713623,1.1148101091384888
gefs_mean,6,2025-11-26T06:00:00Z,-0.11133444309234619,0.21239542961120605
gefs_mean,6,2025-11-26T12:00:00Z,-0.5906649231910706,-0.021922588348388672
gefs_mean,6,2025-11-26T18:00:00Z,-0.355060875415802,-0.5455726981163025
gefs_mean,6,2025-11-27T00:00:00Z,-0.08536112308502197,-0.36782801151275635
gefs_mean,6,2025-11-27T06:00:00Z,-0.39386260509490967,0.5882724523544312
gefs_mean,6,2025-11-27T12:00:00Z,-0.5723494291305542,0.777037501335144
gefs_mean,6,2025-11-27T18:00:00Z,-0.18938100337982178,0.6287140846252441
gefs_mean,6,2025-11-28T00:00:00Z,0.1904737949371338,0.21639442443847656
gefs_mean,6,2025-11-28T06:00:00Z,-0.2430402636528015,-0.34224557876586914
gefs_mean,6,2025-11-28T12:00:00Z,-0.7038164138793945,-1.5683119297027588
gefs_mean,6,2025-11-28T18:00:00Z,-0.6900936365127563,0.5147815942764282
gefs_mean,6,2025-11-29T00:00:00Z,0.09906339645385742,0.9844416379928589
gefs_mean,6,2025-11-29T06:00:00Z,-0.09115064144134521,1.307865023612976
gefs_mean,6,2025-11-29T12:00:00Z,-0.3844354748725891,-1.416512370109558
gefs_mean,6,2025-11-29T18:00:00Z,-0.5831621885299683,-0.18083441257476807
gefs_mean,6,2025-11-30T00:00:00Z,-0.03805351257324219,-0.07566297054290771
gefs_mean,6,2025-11-30T06:00:00Z,-0.3194984197616577,1.3160027265548706
gefs_mean,6,2025-11-30T12:00:00Z,-0.41596102714538574,-0.5044580101966858
gefs_mean,6,2025-11-30T18:00:00Z,-0.4027535915374756,-0.7615270614624023
gefs_mean,6,2025-12-01T00:00:00Z,-0.14913475513458252,-1.7329586744308472
gefs_mean,6,2025-12-01T06:00:00Z,-0.7304255962371826,-0.9192026257514954
gefs_mean,6,2025-12-01T12:00:00Z,-0.9455564022064209,-0.39238405227661133
gefs_mean,6,2025-12-01T18:00:00Z,-0.5040668249130249,-1.1282213926315308
gefs_mean,6,2025-12-02T00:00:00Z,-0.2664487957954407,-0.03550231456756592
gefs_mean,6,2025-12-02T06:00:00Z,-0.3804069757461548,-0.8089559078216553
gefs_mean,6,2025-12-02T12:00:00Z,-0.8635772466659546,0.41315972805023193
gefs_mean,6,2025-12-02T18:00:00Z,-0.35795241594314575,-1.2660958766937256
gefs_mean,6,2025-12-03T00:00:00Z,-0.3215857744216919,2.0263915061950684
gefs_mean,6,2025-12-03T06:00:00Z,0.009453892707824707,0.590303897857666
gefs_mean,6,2025-12-03T12:00:00Z,-0.5357367396354675,-2.041217565536499
gefs_mean,6,2025-12-03T18:00:00Z,-0.8089091181755066,-0.8145207166671753
gefs_mean,6,2025-12-04T00:00:00Z,-0.3035338521003723,-0.42838388681411743
gefs_mean,6,2025-12-04T06:00:00Z,-0.47805488109588623,-1.9109065532684326
gefs_mean,6,2025-12-04T12:00:00Z,-1.0865223407745361,0.8007858991622925
gefs_mean,6,2025-12-04T18:00:00Z,-0.3136329650878906,-0.28485047817230225
gefs_mean,6,2025-12-05T00:00:00Z,-0.048564791679382324,0.6821951866149902
gefs_mean,6,2025-12-05T06:00:00Z,-0.19700896739959717,-0.9712845683097839
gefs_mean,6,2025-12-05T12:00:00Z,-0.8358051776885986,-1.5514354705810547
gefs_mean,6,2025-12-05T18:00:00Z,-0.7726566791534424,-1.7709941864013672
gefs_mean,6,2025-12-06T00:00:00Z,-0.5089826583862305,-1.3783777952194214
gefs_mean,6,2025-12-06T06:00:00Z,-0.7874802947044373,-1.4219812154769897
gefs_mean,6,2025-12-06T12:00:00Z,-1.1181741952896118,-0.14717352390289307
gefs_mean,6,2025-12-06T18:00:00Z,-0.5623878836631775,-2.7245094776153564
gefs_mean,6,2025-12-07T00:00:00Z,-0.7791751623153687,-2.3969004154205322
gefs_mean,6,2025-12-07T06:00:00Z,-1.1384683847427368,-2.6892478466033936
gefs_mean,6,2025-12-07T12:00:00Z,-1.5086054801940918,-1.2155958414077759
gefs_mean,6,2025-12-07T18:00:00Z,-1.0455496311187744,-1.4089065790176392
gefs_mean,6,2025-12-08T00:00:00Z,-0.6763798594474792,-1.2368829250335693
gefs_mean,6,2025-12-08T06:00:00Z,-0.9180642366409302,-0.28754550218582153
gefs_mean,6,2025-12-08T12:00:00Z,-1.000861406326294,-2.317965030670166
gefs_mean,6,2025-12-08T18:00:00Z,-1.1651498079299927,-0.9475762844085693
gefs_mean,6,2025-12-09T00:00:00Z,-0.6148159503936768,1.290842890739441
gefs_mean,6,2025-12-09T06:00:00Z,-0.30321258306503296,0.637273907661438
gefs_mean,6,2025-12-09T12:00:00Z,-0.6406243443489075,-0.522325336933136
gefs_mean,6,2025-12-09T18:00:00Z,-0.5967804789543152,0.7366257905960083
gefs_mean,6,2025-12-10T00:00:00Z,0.025066375732421875,-0.7858365178108215
gefs_mean,6,2025-12-10T06:00:00Z,-0.5603854060173035,0.2825819253921509
gefs_mean,6,2025-12-10T12:00:00Z,-0.6968685984611511,0.07498860359191895
gefs_mean,6,2025-12-10T18:00:00Z,-0.37198513746261597,-1.5724120140075684
gefs_mean,6,2025-12-11T00:00:00Z,-0.3624914884567261,-0.9331681728363037
gefs_mean,6,2025-12-11T06:00:00Z,-0.6063948273658752,-0.11858153343200684
gefs_mean,6,2025-12-11T12:00:00Z,-0.7629411220550537,-0.395953893661499
gefs_mean,6,2025-12-11T18:00:00Z,-0.43821418285369873,-1.0443074703216553
gefs_mean,6,2025-12-12T00:00:00Z,-0.1979358196258545,1.3711954355239868
gefs_mean,6,2025-12-12T06:00:00Z,-0.04773294925689697,2.1624908447265625
gefs_mean,6,2025-12-12T12:00:00Z,-0.24883002042770386,-0.07770395278930664
gefs_mean,6,2025-12-12T18:00:00Z,-0.2840955853462219,-2.3211801052093506
gefs_mean,6,2025-12-13T00:00:00Z,-0.5409050583839417,-0.8064786195755005
gefs_mean,6,2025-12-13T06:00:00Z,-0.6247749924659729,-0.13455331325531006
gefs_mean,6,2025-12-13T12:00:00Z,-0.7814531326293945,-1.51565420627594
gefs_mean,6,2025-12-13T18:00:00Z,-0.7334749102592468,-1.6135081052780151
gefs_mean,6,2025-12-14T00:00:00Z,-0.42982208728790283,-0.6243439316749573
gefs_mean,6,2025-12-14T06:00:00Z,-0.5384447574615479,0.5124754905700684
gefs_mean,6,2025-12-14T12:00:00Z,-0.6208018064498901,-2.146425485610962
gefs_mean,6,2025-12-14T18:00:00Z,-0.8413521647453308,-1.2112512588500977
gefs_mean,6,2025-12-15T00:00:00Z,-0.36747604608535767,0.43254899978637695
gefs_mean,6,2025-12-15T06:00:00Z,-0.3201311230659485,1.552294135093689
gefs_mean,6,2025-12-15T12:00:00Z,-0.4400002956390381,0.6249972581863403
gefs_mean,6,2025-12-15T18:00:00Z,-0.23574411869049072,-1.990085244178772
gefs_mean,6,2025-12-16T00:00:00Z,-0.4840465188026428,-1.953133225440979
gefs_mean,6,2025-12-16T06:00:00Z,-0.9333166480064392,-2.8777740001678467
gefs_mean,6,2025-12-16T12:00:00Z,-1.467737078666687,1.155119776725769
gefs_mean,6,2025-12-16T18:00:00Z,-0.32736557722091675,0.5537070035934448
gefs_mean,6,2025-12-17T00:00:00Z,0.13347363471984863,-0.4165617823600769
gefs_mean,6,2025-12-17T06:00:00Z,-0.4560195803642273,-0.8528614640235901
gefs_mean,6,2025-12-17T12:00:00Z,-0.9243912100791931,-1.0444947481155396
gefs_mean,6,2025-12-17T18:00:00Z,-0.6836254000663757,-3.885648250579834
gefs_mean,6,2025-12-18T00:00:00Z,-1.0844244956970215,-0.8641023635864258
gefs_mean,6,2025-12-18T06:00:00Z,-0.8228213787078857,0.9014467000961304
gefs_mean,6,2025-12-18T12:00:00Z,-0.674631655216217,-0.22030222415924072
gefs_mean,6,2025-12-18T18:00:00Z,-0.49652284383773804,-1.8102898597717285
gefs_mean,6,2025-12-19T00:00:00Z,-0.545319676399231,-1.247434377670288
gefs_mean,6,2025-12-19T06:00:00Z,-0.7983208894729614,0.37000739574432373
gefs_mean,6,2025-12-19T12:00:00Z,-0.7398425936698914,0.11199891567230225
gefs_mean,6,2025-12-19T18:00:00Z,-0.4049971103668213,-0.31652289628982544
gefs_mean,6,2025-12-20T00:00:00Z,-0.13502907752990723,0.3967849016189575
gefs_mean,6,2025-12-20T06:00:00Z,-0.3337699770927429,0.04184556007385254
gefs_mean,6,2025-12-20T12:00:00Z,-0.7189681529998779,0.9014588594436646
gefs_mean,6,2025-12-20T18:00:00Z,-0.19427835941314697,-0.61297208070755
gefs_mean,6,2025-12-21T00:00:00Z,-0.07158887386322021,-2.139979124069214
gefs_mean,6,2025-12-21T06:00:00Z,-0.854888916015625,0.005779147148132324
gefs_mean,6,2025-12-21T12:00:00Z,-0.813132643699646,0.9528220891952515
gefs_mean,6,2025-12-21T18:00:00Z,-0.15582633018493652,-0.8179031610488892
gefs_mean,6,2025-12-22T00:00:00Z,-0.10393154621124268,0.567212700843811
gefs_mean,6,2025-12-22T06:00:00Z,-0.19996881484985352,2.5858616828918457
gefs_mean,6,2025-12-22T12:00:00Z,-0.17397308349609375,-0.5640013217926025
gefs_mean,6,2025-12-22T18:00:00Z,-0.3506307601928711,-1.6913901567459106
gefs_mean,6,2025-12-23T00:00:00Z,-0.3531755805015564,0.8125494718551636
gefs_mean,6,2025-12-23T06:00:00Z,-0.1814340353012085,1.3334916830062866
gefs_mean,6,2025-12-23T12:00:00Z,-0.3895573019981384,0.8789199590682983
gefs_mean,6,2025-12-23T18:00:00Z,-0.07280194759368896,0.07007086277008057
gefs_mean,6,2025-12-24T00:00:00Z,0.14068198204040527,-1.2715595960617065
gefs_mean,6,2025-12-24T06:00:00Z,-0.5819631218910217,-1.7331207990646362
gefs_mean,6,2025-12-24T12:00:00Z,-1.0750921964645386,-2.0960326194763184
gefs_mean,6,2025-12-24T18:00:00Z,-0.9031412601470947,0.11091220378875732
gefs_mean,6,2025-12-25T00:00:00Z,0.08265435695648193,0.0059043169021606445
gefs_mean,6,2025-12-25T06:00:00Z,-0.29318755865097046,-0.35716062784194946
gefs_mean,6,2025-12-25T12:00:00Z,-0.7640225887298584,-1.637123942375183
gefs_mean,6,2025-12-25T18:00:00Z,-0.7447723150253296,-1.687615990638733
gefs_mean,6,2025-12-26T00:00:00Z,-0.43829673528671265,-0.13494694232940674
gefs_mean,6,2025-12-26T06:00:00Z,-0.4456065893173218,-0.5898985862731934
gefs_mean,6,2025-12-26T12:00:00Z,-0.8752366900444031,-0.36450719833374023
gefs_mean,6,2025-12-26T18:00:00Z,-0.5179877877235413,2.155243396759033
gefs_mean,6,2025-12-27T00:00:00Z,0.46093499660491943,-0.4417682886123657
gefs_mean,6,2025-12-27T06:00:00Z,-0.44731223583221436,-2.0639121532440186
gefs_mean,6,2025-12-27T12:00:00Z,-1.1594338417053223,0.27638256549835205
gefs_mean,6,2025-12-27T18:00:00Z,-0.3790825605392456,-0.31902968883514404
gefs_mean,6,2025-12-28T00:00:00Z,-0.037549376487731934,-1.2479835748672485
gefs_mean,6,2025-12-28T06:00:00Z,-0.6763762831687927,-0.7953061461448669
gefs_mean,6,2025-12-28T12:00:00Z,-0.9562535881996155,0.3525182008743286
gefs_mean,6,2025-12-28T18:00:00Z,-0.2991948127746582,1.5391954183578491
gefs_mean,6,2025-12-29T00:00:00Z,0.45799410343170166,3.4829869270324707
gefs_mean,6,2025-12-29T06:00:00Z,0.39224565029144287,-0.3456789255142212
gefs_mean,6,2025-12-29T12:00:00Z,-0.6335498690605164,0.8644603490829468
gefs_mean,6,2025-12-29T18:00:00Z,-0.101951003074646,0.5123960971832275
gefs_mean,6,2025-12-30T00:00:00Z,0.21622514724731445,-0.07990467548370361
gefs_mean,6,2025-12-30T06:00:00Z,-0.33470213413238525,-0.8707211017608643
gefs_mean,6,2025-12-30T12:00:00Z,-0.8418764472007751,-1.1230463981628418
gefs_mean,6,2025-12-30T18:00:00Z,-0.5669894814491272,-1.475982904434204
gefs_mean,6,2025-12-31T00:00:00Z,-0.2618800401687622,0.09419989585876465
gefs_mean,6,2025-12-31T06:00:00Z,-0.26770472526550293,-0.09754383563995361
gefs_mean,6,2025-12-31T12:00:00Z,-0.6410288214683533,0.3324469327926636
gfs_analysis,12,2025-11-08T06:00:00Z,0.4840642213821411,0.9000060558319092
gfs_analysis,12,2025-11-08T12:00:00Z,-2.4047598838806152,-0.25052666664123535
gfs_analysis,12,2025-11-08T18:00:00Z,4.19105339050293,4.785782814025879
gfs_analysis,12,2025-11-09T00:00:00Z,2.4598231315612793,3.31571626663208
gfs_analysis,12,2025-11-09T06:00:00Z,-3.3628950119018555,3.816272735595703
gfs_analysis,12,2025-11-09T12:00:00Z,2.280001163482666,1.5639132261276245
gfs_analysis,12,2025-11-09T18:00:00Z,2.8324995040893555,3.258913040161133
gfs_analysis,12,2025-11-10T00:00:00Z,1.5023702383041382,1.750949501991272
gfs_analysis,12,2025-11-10T06:00:00Z,-3.88330078125,-0.9214237928390503
gfs_analysis,12,2025-11-10T12:00:00Z,-0.7098286151885986,-0.8274441957473755
gfs_analysis,12,2025-11-10T18:00:00Z,3.2000961303710938,1.335051417350769
gfs_analysis,12,2025-11-11T00:00:00Z,0.3933568000793457,-0.7139932513237
gfs_analysis,12,2025-11-11T06:00:00Z,-4.745683670043945,-5.809579849243164
gfs_analysis,12,2025-11-11T12:00:00Z,-3.239525318145752,-3.5404977798461914
gfs_analysis,12,2025-11-11T18:00:00Z,4.1436543464660645,0.9123203754425049
gfs_analysis,12,2025-11-12T00:00:00Z,0.5157068967819214,-2.261180877685547
gfs_analysis,12,2025-11-12T06:00:00Z,-5.719970703125,-5.878254413604736
gfs_analysis,12,2025-11-12T12:00:00Z,-2.2260379791259766,-5.106103420257568
gfs_analysis,12,2025-11-12T18:00:00Z,3.380424976348877,0.21555769443511963
gfs_analysis,12,2025-11-13T00:00:00Z,0.7524632215499878,1.6962264776229858
gfs_analysis,12,2025-11-13T06:00:00Z,-3.3272953033447266,-1.1404403448104858
gfs_analysis,12,2025-11-13T12:00:00Z,-0.8056278228759766,-0.8518118858337402
gfs_analysis,12,2025-11-13T18:00:00Z,3.9126062393188477,4.951650142669678
gfs_analysis,12,2025-11-14T00:00:00Z,2.836583137512207,1.5352486371994019
gfs_analysis,12,2025-11-14T06:00:00Z,-4.600862979888916,-6.4419965744018555
gfs_analysis,12,2025-11-14T12:00:00Z,-4.207028865814209,-2.804096221923828
gfs_analysis,12,2025-11-14T18:00:00Z,5.169930458068848,6.757269859313965
gfs_analysis,12,2025-11-15T00:00:00Z,3.730663299560547,2.2118778228759766
gfs_analysis,12,2025-11-15T06:00:00Z,-4.745543956756592,-2.125622272491455
gfs_analysis,12,2025-11-15T12:00:00Z,-1.0233250856399536,-2.5613198280334473
gfs_analysis,12,2025-11-15T18:00:00Z,2.910414695739746,-2.161404609680176
gfs_analysis,12,2025-11-16T00:00:00Z,-1.3480994701385498,5.391669273376465
gfs_analysis,12,2025-11-16T06:00:00Z,0.7728288173675537,3.4279232025146484
gfs_analysis,12,2025-11-16T12:00:00Z,-0.12455242872238159,1.9641910791397095
gfs_analysis,12,2025-11-16T18:00:00Z,4.123841285705566,5.182013988494873
gfs_analysis,12,2025-11-17T00:00:00Z,2.451483726501465,0.9356642961502075
gfs_analysis,12,2025-11-17T06:00:00Z,-4.693216800689697,-4.285549640655518
gfs_analysis,12,2025-11-17T12:00:00Z,-2.7578582763671875,-0.5797425508499146
gfs_analysis,12,2025-11-17T18:00:00Z,4.848102569580078,2.9590249061584473
gfs_analysis,12,2025-11-18T00:00:00Z,1.0465337038040161,-1.1797930002212524
gfs_analysis,12,2025-11-18T06:00:00Z,-5.256143569946289,-5.457622528076172
gfs_analysis,12,2025-11-18T12:00:00Z,-2.71881103515625,-2.7550606727600098
gfs_analysis,12,2025-11-18T18:00:00Z,4.143613815307617,5.615535736083984
gfs_analysis,12,2025-11-19T00:00:00Z,3.3420748710632324,3.4951395988464355
gfs_analysis,12,2025-11-19T06:00:00Z,-3.528688907623291,-4.717666149139404
gfs_analysis,12,2025-11-19T12:00:00Z,-3.70029354095459,-4.127862930297852
gfs_analysis,12,2025-11-19T18:00:00Z,3.5067520141601562,4.848748207092285
gfs_analysis,12,2025-11-20T00:00:00Z,3.1864094734191895,3.8798279762268066
gfs_analysis,12,2025-11-20T06:00:00Z,-3.1104116439819336,-4.4256978034973145
gfs_analysis,12,2025-11-20T12:00:00Z,-3.718447685241699,-2.3343265056610107
gfs_analysis,12,2025-11-20T18:00:00Z,4.508875370025635,0.4937124252319336
gfs_analysis,12,2025-11-21T00:00:00Z,-0.13950961828231812,-3.7679481506347656
gfs_analysis,12,2025-11-21T06:00:00Z,-6.101224422454834,-3.8960299491882324
gfs_analysis,12,2025-11-21T12:00:00Z,-0.3463805019855499,1.875104546546936
gfs_analysis,12,2025-11-21T18:00:00Z,5.781910419464111,4.422051906585693
gfs_analysis,12,2025-11-22T00:00:00Z,1.7034565210342407,3.4373669624328613
gfs_analysis,12,2025-11-22T06:00:00Z,-2.6007442474365234,-2.150088310241699
gfs_analysis,12,2025-11-22T12:00:00Z,-2.3365025520324707,-2.633695125579834
gfs_analysis,12,2025-11-22T18:00:00Z,2.9312963485717773,2.7052040100097656
gfs_analysis,12,2025-11-23T00:00:00Z,1.7072759866714478,-0.49755391478538513
gfs_analysis,12,2025-11-23T06:00:00Z,-4.966639518737793,-6.2611541748046875
gfs_analysis,12,2025-11-23T12:00:00Z,-3.5383238792419434,-3.626987934112549
gfs_analysis,12,2025-11-23T18:00:00Z,3.9699344635009766,4.626408100128174
gfs_analysis,12,2025-11-24T00:00:00Z,2.8764233589172363,5.138843059539795
gfs_analysis,12,2025-11-24T06:00:00Z,-2.030430793762207,-3.720034599304199
gfs_analysis,12,2025-11-24T12:00:00Z,-3.872349739074707,-5.0641889572143555
gfs_analysis,12,2025-11-24T18:00:00Z,2.405027389526367,1.5782827138900757
gfs_analysis,12,2025-11-25T00:00:00Z,1.5272122621536255,-0.703184962272644
gfs_analysis,12,2025-11-25T06:00:00Z,-4.909661293029785,-4.152937889099121
gfs_analysis,12,2025-11-25T12:00:00Z,-1.8225756883621216,-1.4413954019546509
gfs_analysis,12,2025-11-25T18:00:00Z,4.2678961753845215,0.6366697549819946
gfs_analysis,12,2025-11-26T00:00:00Z,-0.000648796558380127,-1.5414294004440308
gfs_analysis,12,2025-11-26T06:00:00Z,-4.751551628112793,-1.4877773523330688
gfs_analysis,12,2025-11-26T12:00:00Z,0.3109794855117798,5.041750907897949
gfs_analysis,12,2025-11-26T18:00:00Z,6.800652027130127,7.866138935089111
gfs_analysis,12,2025-11-27T00:00:00Z,3.422816753387451,2.3200550079345703
gfs_analysis,12,2025-11-27T06:00:00Z,-4.08202600479126,-0.7171380519866943
gfs_analysis,12,2025-11-27T12:00:00Z,-0.44553443789482117,0.8756216764450073
gfs_analysis,12,2025-11-27T18:00:00Z,4.048562526702881,2.599496841430664
gfs_analysis,12,2025-11-28T00:00:00Z,0.8778520822525024,1.0433175563812256
gfs_analysis,12,2025-11-28T06:00:00Z,-3.531691074371338,-2.5991010665893555
gfs_analysis,12,2025-11-28T12:00:00Z,-1.9324696063995361,0.9685782194137573
gfs_analysis,12,2025-11-28T18:00:00Z,4.909372329711914,4.322211742401123
gfs_analysis,12,2025-11-29T00:00:00Z,1.8739973306655884,3.292433261871338
gfs_analysis,12,2025-11-29T06:00:00Z,-2.4523367881774902,-3.2524757385253906
gfs_analysis,12,2025-11-29T12:00:00Z,-3.2475662231445312,-2.647592544555664
gfs_analysis,12,2025-11-29T18:00:00Z,3.0728707313537598,0.362369179725647
gfs_analysis,12,2025-11-30T00:00:00Z,-0.03009861707687378,-0.46173524856567383
gfs_analysis,12,2025-11-30T06:00:00Z,-3.888367176055908,-3.146430492401123
gfs_analysis,12,2025-11-30T12:00:00Z,-1.671767234802246,-0.9998143911361694
gfs_analysis,12,2025-11-30T18:00:00Z,3.884708881378174,3.484729766845703
gfs_analysis,12,2025-12-01T00:00:00Z,1.8981276750564575,6.337367057800293
gfs_analysis,12,2025-12-01T06:00:00Z,-0.32303017377853394,-0.8163450360298157
gfs_analysis,12,2025-12-01T12:00:00Z,-2.726529836654663,-3.699779987335205
gfs_analysis,12,2025-12-01T18:00:00Z,1.6627570390701294,-0.056349754333496094
gfs_analysis,12,2025-12-02T00:00:00Z,0.2136387825012207,-1.6782793998718262
gfs_analysis,12,2025-12-02T06:00:00Z,-4.736931324005127,-2.105523109436035
gfs_analysis,12,2025-12-02T12:00:00Z,-0.2329959273338318,0.0020064711570739746
gfs_analysis,12,2025-12-02T18:00:00Z,3.755134105682373,5.806321144104004
gfs_analysis,12,2025-12-03T00:00:00Z,3.387789726257324,-1.3356846570968628
gfs_analysis,12,2025-12-03T06:00:00Z,-6.09067440032959,-7.004336833953857
gfs_analysis,12,2025-12-03T12:00:00Z,-3.6525654792785645,-2.0439839363098145
gfs_analysis,12,2025-12-03T18:00:00Z,4.8116984367370605,1.359721302986145
gfs_analysis,12,2025-12-04T00:00:00Z,0.27859997749328613,2.204257011413574
gfs_analysis,12,2025-12-04T06:00:00Z,-2.269214153289795,5.5111613273620605
gfs_analysis,12,2025-12-04T12:00:00Z,3.4619879722595215,4.83555793762207
gfs_analysis,12,2025-12-04T18:00:00Z,4.396845817565918,4.242825508117676
gfs_analysis,12,2025-12-05T00:00:00Z,1.6404532194137573,-3.4069275856018066
gfs_analysis,12,2025-12-05T06:00:00Z,-6.84085750579834,-8.969674110412598
gfs_analysis,12,2025-12-05T12:00:00Z,-4.828171253204346,-6.552013874053955
gfs_analysis,12,2025-12-05T18:00:00Z,2.421114444732666,-2.4317843914031982
gfs_analysis,12,2025-12-06T00:00:00Z,-0.8229180574417114,-3.9677672386169434
gfs_analysis,12,2025-12-06T06:00:00Z,-5.308300018310547,-3.7305450439453125
gfs_analysis,12,2025-12-06T12:00:00Z,-0.44412389397621155,-1.984175205230713
gfs_analysis,12,2025-12-06T18:00:00Z,3.200320243835449,2.173041820526123
gfs_analysis,12,2025-12-07T00:00:00Z,1.4605075120925903,-1.2646845579147339
gfs_analysis,12,2025-12-07T06:00:00Z,-5.144517421722412,-3.0925607681274414
gfs_analysis,12,2025-12-07T12:00:00Z,-0.8233965635299683,-0.29989486932754517
gfs_analysis,12,2025-12-07T18:00:00Z,4.118613243103027,6.346134662628174
gfs_analysis,12,2025-12-08T00:00:00Z,3.707292079925537,7.3126606941223145
gfs_analysis,12,2025-12-08T06:00:00Z,-0.5602151155471802,-4.639251708984375
gfs_analysis,12,2025-12-08T12:00:00Z,-5.401750087738037,-5.6945905685424805
gfs_analysis,12,2025-12-08T18:00:00Z,1.9104801416397095,2.884042263031006
gfs_analysis,12,2025-12-09T00:00:00Z,2.2496519088745117,-0.6005628705024719
gfs_analysis,12,2025-12-09T06:00:00Z,-4.9785990715026855,-4.604498386383057
gfs_analysis,12,2025-12-09T12:00:00Z,-2.252293348312378,-4.984288215637207
gfs_analysis,12,2025-12-09T18:00:00Z,1.6606053113937378,-4.539719581604004
gfs_analysis,12,2025-12-10T00:00:00Z,-2.070124626159668,-0.29486751556396484
gfs_analysis,12,2025-12-10T06:00:00Z,-2.170900821685791,-2.235896587371826
gfs_analysis,12,2025-12-10T12:00:00Z,-1.5029428005218506,1.336197018623352
gfs_analysis,12,2025-12-10T18:00:00Z,5.185384273529053,7.598865032196045
gfs_analysis,12,2025-12-11T00:00:00Z,4.137415885925293,6.0690460205078125
gfs_analysis,12,2025-12-11T06:00:00Z,-1.5870587825775146,-2.6042122840881348
gfs_analysis,12,2025-12-11T12:00:00Z,-3.3641891479492188,-2.1095640659332275
gfs_analysis,12,2025-12-11T18:00:00Z,3.2255234718322754,4.96576452255249
gfs_analysis,12,2025-12-12T00:00:00Z,2.9552183151245117,-0.9728923439979553
gfs_analysis,12,2025-12-12T06:00:00Z,-5.528438568115234,-9.878938674926758
gfs_analysis,12,2025-12-12T12:00:00Z,-5.9964165687561035,-6.632119178771973
gfs_analysis,12,2025-12-12T18:00:00Z,3.145285129547119,2.0921788215637207
gfs_analysis,12,2025-12-13T00:00:00Z,1.6376739740371704,-3.7679972648620605
gfs_analysis,12,2025-12-13T06:00:00Z,-6.609304428100586,-2.0432279109954834
gfs_analysis,12,2025-12-13T12:00:00Z,1.185727834701538,4.415385723114014
gfs_analysis,12,2025-12-13T18:00:00Z,6.19636344909668,5.2181220054626465
gfs_analysis,12,2025-12-14T00:00:00Z,2.031167984008789,3.946319103240967
gfs_analysis,12,2025-12-14T06:00:00Z,-1.9549342393875122,-2.960787773132324
gfs_analysis,12,2025-12-14T12:00:00Z,-3.3172130584716797,-2.1027419567108154
gfs_analysis,12,2025-12-14T18:00:00Z,3.192410469055176,1.8731659650802612
gfs_analysis,12,2025-12-15T00:00:00Z,0.8111331462860107,-3.9377360343933105
gfs_analysis,12,2025-12-15T06:00:00Z,-6.422287464141846,-5.9455366134643555
gfs_analysis,12,2025-12-15T12:00:00Z,-2.2271728515625,-1.006396770477295
gfs_analysis,12,2025-12-15T18:00:00Z,4.3070478439331055,1.1435983180999756
gfs_analysis,12,2025-12-16T00:00:00Z,0.19517195224761963,-2.4022183418273926
gfs_analysis,12,2025-12-16T06:00:00Z,-5.178600311279297,-5.054704666137695
gfs_analysis,12,2025-12-16T12:00:00Z,-2.1863698959350586,-9.188780784606934
gfs_analysis,12,2025-12-16T18:00:00Z,-0.9708638191223145,-6.081081390380859
gfs_analysis,12,2025-12-17T00:00:00Z,-1.2524223327636719,-4.81411075592041
gfs_analysis,12,2025-12-17T06:00:00Z,-4.749362945556641,-2.949326992034912
gfs_analysis,12,2025-12-17T12:00:00Z,0.17491036653518677,-0.5312654972076416
gfs_analysis,12,2025-12-17T18:00:00Z,3.588912010192871,2.145935535430908
gfs_analysis,12,2025-12-18T00:00:00Z,1.1778125762939453,-3.514780044555664
gfs_analysis,12,2025-12-18T06:00:00Z,-6.352410793304443,-7.975640296936035
gfs_analysis,12,2025-12-18T12:00:00Z,-3.6237616539001465,-7.542443752288818
gfs_analysis,12,2025-12-18T18:00:00Z,1.5546811819076538,-5.0817084312438965
gfs_analysis,12,2025-12-19T00:00:00Z,-1.6761012077331543,3.4945802688598633
gfs_analysis,12,2025-12-19T06:00:00Z,0.3916769027709961,9.935373306274414
gfs_analysis,12,2025-12-19T12:00:00Z,5.193917751312256,6.160184383392334
gfs_analysis,12,2025-12-19T18:00:00Z,4.182745456695557,3.298645496368408
gfs_analysis,12,2025-12-20T00:00:00Z,1.0343245267868042,-0.3418862521648407
gfs_analysis,12,2025-12-20T06:00:00Z,-4.574263572692871,-2.7462592124938965
gfs_analysis,12,2025-12-20T12:00:00Z,-1.5173101425170898,-8.710199356079102
gfs_analysis,12,2025-12-20T18:00:00Z,-2.6265318393707275,-3.495298385620117
gfs_analysis,12,2025-12-21T00:00:00Z,-0.21496349573135376,8.100414276123047
gfs_analysis,12,2025-12-21T06:00:00Z,2.8708953857421875,5.217585563659668
gfs_analysis,12,2025-12-21T12:00:00Z,0.3791959285736084,-1.6231433153152466
gfs_analysis,12,2025-12-21T18:00:00Z,1.035502314567566,2.1088290214538574
gfs_analysis,12,2025-12-22T00:00:00Z,1.7310525178909302,2.272432804107666
gfs_analysis,12,2025-12-22T06:00:00Z,-2.724527359008789,-7.159465789794922
gfs_analysis,12,2025-12-22T12:00:00Z,-5.796605110168457,-8.092765808105469
gfs_analysis,12,2025-12-22T18:00:00Z,0.5966473817825317,-0.2610399127006531
gfs_analysis,12,2025-12-23T00:00:00Z,0.7724716663360596,-0.13558614253997803
gfs_analysis,12,2025-12-23T06:00:00Z,-3.673340320587158,-1.6833586692810059
gfs_analysis,12,2025-12-23T12:00:00Z,-0.577156126499176,-3.2149524688720703
gfs_analysis,12,2025-12-23T18:00:00Z,1.4307962656021118,-1.961930751800537
gfs_analysis,12,2025-12-24T00:00:00Z,-0.8914517760276794,4.072825908660889
gfs_analysis,12,2025-12-24T06:00:00Z,0.16297823190689087,1.723253607749939
gfs_analysis,12,2025-12-24T12:00:00Z,-0.46161362528800964,-1.089322566986084
gfs_analysis,12,2025-12-24T18:00:00Z,2.1759085655212402,-1.171015977859497
gfs_analysis,12,2025-12-25T00:00:00Z,-1.0344767570495605,-1.421067237854004
gfs_analysis,12,2025-12-25T06:00:00Z,-3.941781520843506,0.8221205472946167
gfs_analysis,12,2025-12-25T12:00:00Z,1.5113519430160522,5.213571071624756
gfs_analysis,12,2025-12-25T18:00:00Z,5.7821149826049805,4.8395304679870605
gfs_analysis,12,2025-12-26T00:00:00Z,1.8281768560409546,-0.8277637362480164
gfs_analysis,12,2025-12-26T06:00:00Z,-4.976461410522461,-3.008236885070801
gfs_analysis,12,2025-12-26T12:00:00Z,-1.4494624137878418,-0.34467265009880066
gfs_analysis,12,2025-12-26T18:00:00Z,3.398897647857666,4.053058624267578
gfs_analysis,12,2025-12-27T00:00:00Z,2.1906328201293945,5.736734867095947
gfs_analysis,12,2025-12-27T06:00:00Z,-0.48040148615837097,-3.6423091888427734
gfs_analysis,12,2025-12-27T12:00:00Z,-4.578932285308838,-6.3264570236206055
gfs_analysis,12,2025-12-27T18:00:00Z,0.33517634868621826,-3.7624435424804688
gfs_analysis,12,2025-12-28T00:00:00Z,-1.8736720085144043,-4.313045501708984
gfs_analysis,12,2025-12-28T06:00:00Z,-5.038857460021973,-6.6321306228637695
gfs_analysis,12,2025-12-28T12:00:00Z,-2.878540515899658,-5.396149158477783
gfs_analysis,12,2025-12-28T18:00:00Z,1.84381902217865,-3.071835994720459
gfs_analysis,12,2025-12-29T00:00:00Z,-1.201406478881836,-2.8547725677490234
gfs_analysis,12,2025-12-29T06:00:00Z,-4.405919075012207,5.365145683288574
gfs_analysis,12,2025-12-29T12:00:00Z,5.309349536895752,9.79983139038086
gfs_analysis,12,2025-12-29T18:00:00Z,7.015875816345215,6.308865547180176
gfs_analysis,12,2025-12-30T00:00:00Z,2.118882179260254,-0.27230268716812134
gfs_analysis,12,2025-12-30T06:00:00Z,-4.895896911621094,-4.236248970031738
gfs_analysis,12,2025-12-30T12:00:00Z,-2.6193957328796387,-3.5978808403015137
gfs_analysis,12,2025-12-30T18:00:00Z,1.6474169492721558,0.098865807056427
gfs_analysis,12,2025-12-31T00:00:00Z,0.00030153989791870117,-0.41699567437171936
gfs_analysis,12,2025-12-31T06:00:00Z,-3.6989474296569824,-2.0293774604797363
gfs_analysis,6,2025-11-08T12:00:00Z,-3.354309558868408,-3.950526714324951
gfs_analysis,6,2025-11-08T18:00:00Z,1.1555564403533936,3.7857825756073
gfs_analysis,6,2025-11-09T00:00:00Z,1.7930529117584229,1.4157161712646484
gfs_analysis,6,2025-11-09T06:00:00Z,0.7201175093650818,2.51627254486084
gfs_analysis,6,2025-11-09T12:00:00Z,-4.773866653442383,1.2639133930206299
gfs_analysis,6,2025-11-09T18:00:00Z,2.4480433464050293,1.4589128494262695
gfs_analysis,6,2025-11-10T00:00:00Z,1.383594274520874,1.5509495735168457
gfs_analysis,6,2025-11-10T06:00:00Z,0.8261182904243469,0.07857620716094971
gfs_analysis,6,2025-11-10T12:00:00Z,-4.90937614440918,-1.6274441480636597
gfs_analysis,6,2025-11-10T18:00:00Z,2.2834951877593994,1.1350514888763428
gfs_analysis,6,2025-11-11T00:00:00Z,1.3563652038574219,-0.013993263244628906
gfs_analysis,6,2025-11-11T06:00:00Z,0.5733525156974792,-0.3095797300338745
gfs_analysis,6,2025-11-11T12:00:00Z,-4.782264232635498,-4.240498065948486
gfs_analysis,6,2025-11-11T18:00:00Z,1.7676997184753418,0.4123203158378601
gfs_analysis,6,2025-11-12T00:00:00Z,0.9967654347419739,-1.2611809968948364
gfs_analysis,6,2025-11-12T06:00:00Z,0.3281562924385071,-1.8782544136047363
gfs_analysis,6,2025-11-12T12:00:00Z,-4.6876935958862305,-5.906103134155273
gfs_analysis,6,2025-11-12T18:00:00Z,1.0212233066558838,-0.7844423055648804
gfs_analysis,6,2025-11-13T00:00:00Z,0.29029613733291626,0.796226441860199
gfs_analysis,6,2025-11-13T06:00:00Z,0.9495297074317932,-0.24044030904769897
gfs_analysis,6,2025-11-13T12:00:00Z,-4.231276988983154,-1.3518118858337402
gfs_analysis,6,2025-11-13T18:00:00Z,1.5049512386322021,2.6516501903533936
gfs_analysis,6,2025-11-14T00:00:00Z,1.1742138862609863,1.7352488040924072
gfs_analysis,6,2025-11-14T06:00:00Z,0.9660719037055969,0.5580034852027893
gfs_analysis,6,2025-11-14T12:00:00Z,-4.845952987670898,-6.804096221923828
gfs_analysis,6,2025-11-14T18:00:00Z,1.3965697288513184,4.057269096374512
gfs_analysis,6,2025-11-15T00:00:00Z,1.3716416358947754,2.811877489089966
gfs_analysis,6,2025-11-15T06:00:00Z,1.4537248611450195,0.27437764406204224
gfs_analysis,6,2025-11-15T12:00:00Z,-5.213719367980957,-1.6613198518753052
gfs_analysis,6,2025-11-15T18:00:00Z,2.1725409030914307,0.03859543800354004
gfs_analysis,6,2025-11-16T00:00:00Z,0.6448575854301453,0.39166921377182007
gfs_analysis,6,2025-11-16T06:00:00Z,0.7597581744194031,4.7279229164123535
gfs_analysis,6,2025-11-16T12:00:00Z,-2.6950488090515137,-1.6358088254928589
gfs_analysis,6,2025-11-16T18:00:00Z,1.1890122890472412,2.9820139408111572
gfs_analysis,6,2025-11-17T00:00:00Z,1.4922523498535156,2.3356642723083496
gfs_analysis,6,2025-11-17T06:00:00Z,1.0031416416168213,0.11445033550262451
gfs_analysis,6,2025-11-17T12:00:00Z,-5.079885005950928,-4.979742527008057
gfs_analysis,6,2025-11-17T18:00:00Z,1.8926079273223877,3.3590247631073
gfs_analysis,6,2025-11-18T00:00:00Z,1.4863922595977783,0.12020707130432129
gfs_analysis,6,2025-11-18T06:00:00Z,0.6534081101417542,-2.0576224327087402
gfs_analysis,6,2025-11-18T12:00:00Z,-5.193740367889404,-5.555060863494873
gfs_analysis,6,2025-11-18T18:00:00Z,1.4381084442138672,2.215535879135132
gfs_analysis,6,2025-11-19T00:00:00Z,1.043788194656372,3.1951394081115723
gfs_analysis,6,2025-11-19T06:00:00Z,1.6392159461975098,1.6823341846466064
gfs_analysis,6,2025-11-19T12:00:00Z,-4.6012282371521,-5.82786226272583
gfs_analysis,6,2025-11-19T18:00:00Z,1.5089433193206787,0.8487479090690613
gfs_analysis,6,2025-11-20T00:00:00Z,0.5934591889381409,3.279827833175659
gfs_analysis,6,2025-11-20T06:00:00Z,1.5955052375793457,3.0743021965026855
gfs_analysis,6,2025-11-20T12:00:00Z,-3.7516427040100098,-4.83432674407959
gfs_analysis,6,2025-11-20T18:00:00Z,1.2766730785369873,1.9937124252319336
gfs_analysis,6,2025-11-21T00:00:00Z,0.9209298491477966,-1.7679481506347656
gfs_analysis,6,2025-11-21T06:00:00Z,-0.047834157943725586,-2.6960299015045166
gfs_analysis,6,2025-11-21T12:00:00Z,-4.365074634552002,-1.8248953819274902
gfs_analysis,6,2025-11-21T18:00:00Z,1.2014567852020264,3.7220518589019775
gfs_analysis,6,2025-11-22T00:00:00Z,1.4150044918060303,1.137366771697998
gfs_analysis,6,2025-11-22T06:00:00Z,0.8164789080619812,1.6499121189117432
gfs_analysis,6,2025-11-22T12:00:00Z,-4.428628444671631,-4.133695125579834
gfs_analysis,6,2025-11-22T18:00:00Z,1.5202395915985107,1.8052043914794922
gfs_analysis,6,2025-11-23T00:00:00Z,0.773596465587616,0.30244606733322144
gfs_analysis,6,2025-11-23T06:00:00Z,0.6423464417457581,-0.5611542463302612
gfs_analysis,6,2025-11-23T12:00:00Z,-4.296693325042725,-7.0269880294799805
gfs_analysis,6,2025-11-23T18:00:00Z,0.824985682964325,1.5264084339141846
gfs_analysis,6,2025-11-24T00:00:00Z,0.5401298403739929,1.7388436794281006
gfs_analysis,6,2025-11-24T06:00:00Z,1.0696184635162354,3.579965829849243
gfs_analysis,6,2025-11-24T12:00:00Z,-3.2474348545074463,-5.964189052581787
gfs_analysis,6,2025-11-24T18:00:00Z,0.8557558655738831,0.478282630443573
gfs_analysis,6,2025-11-25T00:00:00Z,0.279879629611969,0.3968150019645691
gfs_analysis,6,2025-11-25T06:00:00Z,0.5704783797264099,-0.7529379725456238
gfs_analysis,6,2025-11-25T12:00:00Z,-3.9409732818603516,-4.341395378112793
gfs_analysis,6,2025-11-25T18:00:00Z,0.8982334733009338,1.5366697311401367
gfs_analysis,6,2025-11-26T00:00:00Z,0.5482937693595886,-1.0414294004440308
gfs_analysis,6,2025-11-26T06:00:00Z,0.20928281545639038,-0.6877773404121399
gfs_analysis,6,2025-11-26T12:00:00Z,-3.770143747329712,-0.5582488179206848
gfs_analysis,6,2025-11-26T18:00:00Z,1.32198166847229,6.066138744354248
gfs_analysis,6,2025-11-27T00:00:00Z,1.8541436195373535,1.1200547218322754
gfs_analysis,6,2025-11-27T06:00:00Z,0.7068437933921814,0.5828619599342346
gfs_analysis,6,2025-11-27T12:00:00Z,-4.803045272827148,-0.9243783354759216
gfs_analysis,6,2025-11-27T18:00:00Z,1.9455149173736572,1.9994966983795166
gfs_analysis,6,2025-11-28T00:00:00Z,0.8554198145866394,1.2433176040649414
gfs_analysis,6,2025-11-28T06:00:00Z,0.8972679972648621,0.10089880228042603
gfs_analysis,6,2025-11-28T12:00:00Z,-4.161984920501709,-2.731421709060669
gfs_analysis,6,2025-11-28T18:00:00Z,1.428295373916626,2.822211742401123
gfs_analysis,6,2025-11-29T00:00:00Z,1.0614867210388184,2.092433214187622
gfs_analysis,6,2025-11-29T06:00:00Z,1.1223361492156982,2.2475240230560303
gfs_analysis,6,2025-11-29T12:00:00Z,-3.9306159019470215,-4.047592639923096
gfs_analysis,6,2025-11-29T18:00:00Z,1.385746717453003,0.36236923933029175
gfs_analysis,6,2025-11-30T00:00:00Z,0.3905460238456726,-0.3617352545261383
gfs_analysis,6,2025-11-30T06:00:00Z,0.380919873714447,-0.4464307725429535
gfs_analysis,6,2025-11-30T12:00:00Z,-3.718125343322754,-2.0998144149780273
gfs_analysis,6,2025-11-30T18:00:00Z,1.1262545585632324,0.08472949266433716
gfs_analysis,6,2025-12-01T00:00:00Z,0.3163648247718811,2.2373671531677246
gfs_analysis,6,2025-12-01T06:00:00Z,1.1422843933105469,2.183655023574829
gfs_analysis,6,2025-12-01T12:00:00Z,-3.4251210689544678,-3.199780225753784
gfs_analysis,6,2025-12-01T18:00:00Z,1.1451780796051025,-0.5563497543334961
gfs_analysis,6,2025-12-02T00:00:00Z,0.0012187957763671875,-0.7782793641090393
gfs_analysis,6,2025-12-02T06:00:00Z,0.21153581142425537,-1.1055229902267456
gfs_analysis,6,2025-12-02T12:00:00Z,-3.387775182723999,-1.397993564605713
gfs_analysis,6,2025-12-02T18:00:00Z,0.9831427931785583,1.9063208103179932
gfs_analysis,6,2025-12-03T00:00:00Z,0.7592328190803528,1.8643152713775635
gfs_analysis,6,2025-12-03T06:00:00Z,0.9591346383094788,-1.904336929321289
gfs_analysis,6,2025-12-03T12:00:00Z,-4.623478412628174,-5.0439839363098145
gfs_analysis,6,2025-12-03T18:00:00Z,0.9628662467002869,0.659721314907074
gfs_analysis,6,2025-12-04T00:00:00Z,0.07399857044219971,-0.59574294090271
gfs_analysis,6,2025-12-04T06:00:00Z,0.3399278521537781,2.3111612796783447
gfs_analysis,6,2025-12-04T12:00:00Z,-2.667931318283081,2.535557985305786
gfs_analysis,6,2025-12-04T18:00:00Z,1.6524913311004639,3.7428252696990967
gfs_analysis,6,2025-12-05T00:00:00Z,1.5002391338348389,0.1930723786354065
gfs_analysis,6,2025-12-05T06:00:00Z,0.13500720262527466,-3.3696742057800293
gfs_analysis,6,2025-12-05T12:00:00Z,-4.917469501495361,-6.852014064788818
gfs_analysis,6,2025-12-05T18:00:00Z,0.6299654841423035,-1.2317843437194824
gfs_analysis,6,2025-12-06T00:00:00Z,-0.4417155683040619,-3.4677674770355225
gfs_analysis,6,2025-12-06T06:00:00Z,-0.43628552556037903,-2.7305452823638916
gfs_analysis,6,2025-12-06T12:00:00Z,-2.8177530765533447,-2.8841753005981445
gfs_analysis,6,2025-12-06T18:00:00Z,0.21177387237548828,0.6730419993400574
gfs_analysis,6,2025-12-07T00:00:00Z,0.43651384115219116,-1.164684534072876
gfs_analysis,6,2025-12-07T06:00:00Z,0.0965644121170044,-2.2925608158111572
gfs_analysis,6,2025-12-07T12:00:00Z,-3.7445225715637207,-2.999894857406616
gfs_analysis,6,2025-12-07T18:00:00Z,0.6951436400413513,1.5461347103118896
gfs_analysis,6,2025-12-08T00:00:00Z,0.44099241495132446,3.212660789489746
gfs_analysis,6,2025-12-08T06:00:00Z,1.4409778118133545,3.7607486248016357
gfs_analysis,6,2025-12-08T12:00:00Z,-2.9551212787628174,-7.894590854644775
gfs_analysis,6,2025-12-08T18:00:00Z,0.47400885820388794,0.2840424180030823
gfs_analysis,6,2025-12-09T00:00:00Z,-0.15068835020065308,1.4994370937347412
gfs_analysis,6,2025-12-09T06:00:00Z,0.7268375754356384,-1.1044981479644775
gfs_analysis,6,2025-12-09T12:00:00Z,-3.767591953277588,-3.0842881202697754
gfs_analysis,6,2025-12-09T18:00:00Z,0.8690696358680725,-2.9397196769714355
gfs_analysis,6,2025-12-10T00:00:00Z,-0.7283554077148438,-0.7948675155639648
gfs_analysis,6,2025-12-10T06:00:00Z,0.19514530897140503,-1.2358964681625366
gfs_analysis,6,2025-12-10T12:00:00Z,-2.8244941234588623,-1.3638030290603638
gfs_analysis,6,2025-12-10T18:00:00Z,0.7309910655021667,2.098864793777466
gfs_analysis,6,2025-12-11T00:00:00Z,0.7780167460441589,4.169045925140381
gfs_analysis,6,2025-12-11T06:00:00Z,1.6069557666778564,0.39578765630722046
gfs_analysis,6,2025-12-11T12:00:00Z,-4.284827709197998,-4.209564208984375
gfs_analysis,6,2025-12-11T18:00:00Z,1.2067441940307617,1.5657646656036377
gfs_analysis,6,2025-12-12T00:00:00Z,0.18923550844192505,1.5271077156066895
gfs_analysis,6,2025-12-12T06:00:00Z,0.8482701182365417,-1.878938913345337
gfs_analysis,6,2025-12-12T12:00:00Z,-4.142271518707275,-7.932118892669678
gfs_analysis,6,2025-12-12T18:00:00Z,0.2413150668144226,0.9921786189079285
gfs_analysis,6,2025-12-13T00:00:00Z,-0.04422515630722046,-2.4679973125457764
gfs_analysis,6,2025-12-13T06:00:00Z,-0.3162235915660858,-2.8432278633117676
gfs_analysis,6,2025-12-13T12:00:00Z,-3.448470115661621,0.7153856158256531
gfs_analysis,6,2025-12-13T18:00:00Z,0.9726902842521667,2.218121290206909
gfs_analysis,6,2025-12-14T00:00:00Z,0.8932625651359558,1.74631929397583
gfs_analysis,6,2025-12-14T06:00:00Z,0.7946427464485168,1.1392121315002441
gfs_analysis,6,2025-12-14T12:00:00Z,-3.937934637069702,-4.602741718292236
gfs_analysis,6,2025-12-14T18:00:00Z,0.9914005398750305,1.0731661319732666
gfs_analysis,6,2025-12-15T00:00:00Z,0.07531744241714478,-0.5377359390258789
gfs_analysis,6,2025-12-15T06:00:00Z,0.20528548955917358,-3.9455366134643555
gfs_analysis,6,2025-12-15T12:00:00Z,-4.029151916503906,-1.006396770477295
gfs_analysis,6,2025-12-15T18:00:00Z,0.8254652619361877,-0.25640159845352173
gfs_analysis,6,2025-12-16T00:00:00Z,0.006352484226226807,-1.3022186756134033
gfs_analysis,6,2025-12-16T06:00:00Z,-0.006491422653198242,-3.5547046661376953
gfs_analysis,6,2025-12-16T12:00:00Z,-3.7304089069366455,-5.8887810707092285
gfs_analysis,6,2025-12-16T18:00:00Z,-0.03144097328186035,-2.6810810565948486
gfs_analysis,6,2025-12-17T00:00:00Z,-0.8461888432502747,-3.7141106128692627
gfs_analysis,6,2025-12-17T06:00:00Z,-0.5837505459785461,-2.449326992034912
gfs_analysis,6,2025-12-17T12:00:00Z,-2.460354804992676,-1.5312654972076416
gfs_analysis,6,2025-12-17T18:00:00Z,0.3400307297706604,-0.4540645182132721
gfs_analysis,6,2025-12-18T00:00:00Z,0.1943356990814209,-2.514780282974243
gfs_analysis,6,2025-12-18T06:00:00Z,-0.3101537227630615,-3.5756406784057617
gfs_analysis,6,2025-12-18T12:00:00Z,-3.4110984802246094,-5.542443752288818
gfs_analysis,6,2025-12-18T18:00:00Z,-0.05548679828643799,-3.681708574295044
gfs_analysis,6,2025-12-19T00:00:00Z,-1.0094209909439087,-3.9054200649261475
gfs_analysis,6,2025-12-19T06:00:00Z,-0.6029226183891296,6.835372447967529
gfs_analysis,6,2025-12-19T12:00:00Z,0.05399060249328613,3.36018443107605
gfs_analysis,6,2025-12-19T18:00:00Z,1.2414186000823975,3.1986453533172607
gfs_analysis,6,2025-12-20T00:00:00Z,1.6352839469909668,-0.24188625812530518
gfs_analysis,6,2025-12-20T06:00:00Z,-0.4187150299549103,0.553740918636322
gfs_analysis,6,2025-12-20T12:00:00Z,-3.9793121814727783,-3.610198497772217
gfs_analysis,6,2025-12-20T18:00:00Z,0.995919406414032,-4.995298385620117
gfs_analysis,6,2025-12-21T00:00:00Z,-1.343156099319458,0.40041404962539673
gfs_analysis,6,2025-12-21T06:00:00Z,0.34463053941726685,6.017585754394531
gfs_analysis,6,2025-12-21T12:00:00Z,-0.6997913122177124,-0.8231433033943176
gfs_analysis,6,2025-12-21T18:00:00Z,0.4704797863960266,0.4088287949562073
gfs_analysis,6,2025-12-22T00:00:00Z,0.4639285206794739,0.8724327683448792
gfs_analysis,6,2025-12-22T06:00:00Z,0.27231329679489136,1.4405341148376465
gfs_analysis,6,2025-12-22T12:00:00Z,-3.3310747146606445,-7.392765522003174
gfs_analysis,6,2025-12-22T18:00:00Z,0.3476749062538147,-2.4610400199890137
gfs_analysis,6,2025-12-23T00:00:00Z,-0.9161009788513184,-0.03558611869812012
gfs_analysis,6,2025-12-23T06:00:00Z,0.2555984854698181,-0.6833587288856506
gfs_analysis,6,2025-12-23T12:00:00Z,-2.9516661167144775,-1.3149526119232178
gfs_analysis,6,2025-12-23T18:00:00Z,0.743264377117157,-2.461930751800537
gfs_analysis,6,2025-12-24T00:00:00Z,-0.5300151109695435,0.47282594442367554
gfs_analysis,6,2025-12-24T06:00:00Z,0.44975167512893677,2.5232536792755127
gfs_analysis,6,2025-12-24T12:00:00Z,-2.423870325088501,-1.8893225193023682
gfs_analysis,6,2025-12-24T18:00:00Z,0.8085889220237732,-0.2710159718990326
gfs_analysis,6,2025-12-25T00:00:00Z,-0.03173452615737915,-1.221067190170288
gfs_analysis,6,2025-12-25T06:00:00Z,-0.125249981880188,-0.7778793573379517
gfs_analysis,6,2025-12-25T12:00:00Z,-3.2876739501953125,1.1135718822479248
gfs_analysis,6,2025-12-25T18:00:00Z,1.2677171230316162,2.5395302772521973
gfs_analysis,6,2025-12-26T00:00:00Z,0.8737345337867737,1.3722362518310547
gfs_analysis,6,2025-12-26T06:00:00Z,0.596264660358429,-2.2082369327545166
gfs_analysis,6,2025-12-26T12:00:00Z,-4.724765777587891,-1.1446726322174072
gfs_analysis,6,2025-12-26T18:00:00Z,1.3491301536560059,0.3530586361885071
gfs_analysis,6,2025-12-27T00:00:00Z,-0.07375216484069824,6.136734485626221
gfs_analysis,6,2025-12-27T06:00:00Z,2.186599016189575,-1.6423094272613525
gfs_analysis,6,2025-12-27T12:00:00Z,-4.412461280822754,-5.426456928253174
gfs_analysis,6,2025-12-27T18:00:00Z,0.7404813170433044,-1.0624438524246216
gfs_analysis,6,2025-12-28T00:00:00Z,-0.6791232228279114,-3.413045644760132
gfs_analysis,6,2025-12-28T06:00:00Z,-0.7421770691871643,-5.232130527496338
gfs_analysis,6,2025-12-28T12:00:00Z,-3.39424991607666,-4.296149253845215
gfs_analysis,6,2025-12-28T18:00:00Z,-0.38769108057022095,-1.171836018562317
gfs_analysis,6,2025-12-29T00:00:00Z,-0.377903014421463,-1.5547724962234497
gfs_analysis,6,2025-12-29T06:00:00Z,-0.10547524690628052,-0.6348541975021362
gfs_analysis,6,2025-12-29T12:00:00Z,-3.093271493911743,5.199831962585449
gfs_analysis,6,2025-12-29T18:00:00Z,1.9231674671173096,5.208865642547607
gfs_analysis,6,2025-12-30T00:00:00Z,1.915156364440918,0.5276972651481628
gfs_analysis,6,2025-12-30T06:00:00Z,0.0023055672645568848,-1.4362488985061646
gfs_analysis,6,2025-12-30T12:00:00Z,-5.156558036804199,-4.19788122177124
gfs_analysis,6,2025-12-30T18:00:00Z,1.1038403511047363,-1.0011341571807861
gfs_analysis,6,2025-12-31T00:00:00Z,-0.6290302276611328,-0.21699565649032593
gfs_analysis,6,2025-12-31T06:00:00Z,0.2206329107284546,-0.629377543926239
gfs_analysis,6,2025-12-31T12:00:00Z,-3.2863597869873047,-2.04217791557312
gfs_interpolated,12,2025-11-07T00:00:00Z,0.38539713621139526,-0.5576152205467224
gfs_interpolated,12,2025-11-07T06:00:00Z,-0.6367905735969543,-0.44590991735458374
gfs_interpolated,12,2025-11-07T12:00:00Z,-0.4131245017051697,0.07820945978164673
gfs_interpolated,12,2025-11-07T18:00:00Z,0.2225012183189392,-0.8580697178840637
gfs_interpolated,12,2025-11-08T00:00:00Z,-0.1458909511566162,-0.888252317905426
gfs_interpolated,12,2025-11-08T06:00:00Z,-0.4928582012653351,-0.00859832763671875
gfs_interpolated,12,2025-11-08T12:00:00Z,-0.4180270731449127,1.2275357246398926
gfs_interpolated,12,2025-11-08T18:00:00Z,0.3432604670524597,1.2455341815948486
gfs_interpolated,12,2025-11-09T00:00:00Z,0.6708239912986755,0.20453453063964844
gfs_interpolated,12,2025-11-09T06:00:00Z,-0.6032608151435852,1.340003490447998
gfs_interpolated,12,2025-11-09T12:00:00Z,-0.3675059676170349,-0.2272564172744751
gfs_interpolated,12,2025-11-09T18:00:00Z,0.27987581491470337,-0.10373818874359131
gfs_interpolated,12,2025-11-10T00:00:00Z,0.2311144471168518,-0.4392183721065521
gfs_interpolated,12,2025-11-10T06:00:00Z,-0.6051400303840637,0.4183048605918884
gfs_interpolated,12,2025-11-10T12:00:00Z,-0.38385704159736633,-0.20410650968551636
gfs_interpolated,12,2025-11-10T18:00:00Z,0.18206781148910522,0.8336028456687927
gfs_interpolated,12,2025-11-11T00:00:00Z,0.526856005191803,1.4698641300201416
gfs_interpolated,12,2025-11-11T06:00:00Z,-0.5398238897323608,-0.19504374265670776
gfs_interpolated,12,2025-11-11T12:00:00Z,-0.4067862033843994,-1.7306325435638428
gfs_interpolated,12,2025-11-11T18:00:00Z,-0.2949795722961426,-0.8789414763450623
gfs_interpolated,12,2025-11-12T00:00:00Z,-0.23785406351089478,-2.1296794414520264
gfs_interpolated,12,2025-11-12T06:00:00Z,-0.5666534304618835,-2.312230110168457
gfs_interpolated,12,2025-11-12T12:00:00Z,-0.9260871410369873,-0.748803436756134
gfs_interpolated,12,2025-11-12T18:00:00Z,-0.5118530988693237,-0.4140576422214508
gfs_interpolated,12,2025-11-13T00:00:00Z,-0.009439349174499512,-0.5319730043411255
gfs_interpolated,12,2025-11-13T06:00:00Z,-0.2659519910812378,1.9180316925048828
gfs_interpolated,12,2025-11-13T12:00:00Z,-0.43184539675712585,-0.4168374538421631
gfs_interpolated,12,2025-11-13T18:00:00Z,0.048002421855926514,0.2107117772102356
gfs_interpolated,12,2025-11-14T00:00:00Z,0.35270851850509644,-0.20616018772125244
gfs_interpolated,12,2025-11-14T06:00:00Z,-0.5538128614425659,-0.7678019404411316
gfs_interpolated,12,2025-11-14T12:00:00Z,-0.47569823265075684,-0.10956114530563354
gfs_interpolated,12,2025-11-14T18:00:00Z,0.16548120975494385,1.1212716102600098
gfs_interpolated,12,2025-11-15T00:00:00Z,0.6183889508247375,0.8826648592948914
gfs_interpolated,12,2025-11-15T06:00:00Z,-0.5847809910774231,1.3673374652862549
gfs_interpolated,12,2025-11-15T12:00:00Z,-0.38750773668289185,1.9757294654846191
gfs_interpolated,12,2025-11-15T18:00:00Z,0.5679132342338562,-1.2936238050460815
gfs_interpolated,12,2025-11-16T00:00:00Z,-0.3146377503871918,-0.3077549934387207
gfs_interpolated,12,2025-11-16T06:00:00Z,-0.5514215230941772,-0.41791409254074097
gfs_interpolated,12,2025-11-16T12:00:00Z,-0.3816457688808441,0.37941449880599976
gfs_interpolated,12,2025-11-16T18:00:00Z,0.2898980975151062,1.3690710067749023
gfs_interpolated,12,2025-11-17T00:00:00Z,0.7334994673728943,-0.5326718091964722
gfs_interpolated,12,2025-11-17T06:00:00Z,-0.7858031392097473,-0.7981566190719604
gfs_interpolated,12,2025-11-17T12:00:00Z,-0.41526323556900024,0.6659438014030457
gfs_interpolated,12,2025-11-17T18:00:00Z,0.4006827473640442,-0.8853416442871094
gfs_interpolated,12,2025-11-18T00:00:00Z,-0.26674139499664307,-2.415184259414673
gfs_interpolated,12,2025-11-18T06:00:00Z,-0.7504122853279114,-0.8946231603622437
gfs_interpolated,12,2025-11-18T12:00:00Z,-0.5842748880386353,-0.6064223647117615
gfs_interpolated,12,2025-11-18T18:00:00Z,-0.25170332193374634,1.4880495071411133
gfs_interpolated,12,2025-11-19T00:00:00Z,0.7152761816978455,0.6831700205802917
gfs_interpolated,12,2025-11-19T06:00:00Z,-0.46803510189056396,-0.9075682163238525
gfs_interpolated,12,2025-11-19T12:00:00Z,-0.5249249935150146,-0.8840106129646301
gfs_interpolated,12,2025-11-19T18:00:00Z,-0.07022309303283691,2.4064769744873047
gfs_interpolated,12,2025-11-20T00:00:00Z,0.8392201066017151,2.7063381671905518
gfs_interpolated,12,2025-11-20T06:00:00Z,-0.42383092641830444,-0.25801795721054077
gfs_interpolated,12,2025-11-20T12:00:00Z,-0.4004126489162445,-0.4021303951740265
gfs_interpolated,12,2025-11-20T18:00:00Z,0.36952656507492065,-0.5515944361686707
gfs_interpolated,12,2025-11-21T00:00:00Z,-0.05015665292739868,-0.40160995721817017
gfs_interpolated,12,2025-11-21T06:00:00Z,-0.6145907044410706,0.5428095459938049
gfs_interpolated,12,2025-11-21T12:00:00Z,-0.35671499371528625,0.3925272822380066
gfs_interpolated,12,2025-11-21T18:00:00Z,0.32639938592910767,-1.053714632987976
gfs_interpolated,12,2025-11-22T00:00:00Z,-0.3457931876182556,-0.6335160732269287
gfs_interpolated,12,2025-11-22T06:00:00Z,-0.5211904644966125,0.0831688642501831
gfs_interpolated,12,2025-11-22T12:00:00Z,-0.36979222297668457,-0.6045644879341125
gfs_interpolated,12,2025-11-22T18:00:00Z,-0.03834766149520874,0.4360789656639099
gfs_interpolated,12,2025-11-23T00:00:00Z,0.4136078953742981,-1.4080593585968018
gfs_interpolated,12,2025-11-23T06:00:00Z,-0.8439636826515198,-2.897613286972046
gfs_interpolated,12,2025-11-23T12:00:00Z,-0.880662202835083,-1.4565144777297974
gfs_interpolated,12,2025-11-23T18:00:00Z,-0.856002926826477,0.3082219958305359
gfs_interpolated,12,2025-11-24T00:00:00Z,0.22304648160934448,1.2033734321594238
gfs_interpolated,12,2025-11-24T06:00:00Z,-0.08595621585845947,-0.4318089783191681
gfs_interpolated,12,2025-11-24T12:00:00Z,-0.6134366989135742,-0.979966402053833
gfs_interpolated,12,2025-11-24T18:00:00Z,-0.14079731702804565,0.521124541759491
gfs_interpolated,12,2025-11-25T00:00:00Z,0.43747276067733765,-0.9735522270202637
gfs_interpolated,12,2025-11-25T06:00:00Z,-0.8037188053131104,-1.4597928524017334
gfs_interpolated,12,2025-11-25T12:00:00Z,-0.5834871530532837,-0.019976794719696045
gfs_interpolated,12,2025-11-25T18:00:00Z,0.09369516372680664,0.5829927325248718
gfs_interpolated,12,2025-11-26T00:00:00Z,0.42555564641952515,0.4471368193626404
gfs_interpolated,12,2025-11-26T06:00:00Z,-0.6458719372749329,0.31294530630111694
gfs_interpolated,12,2025-11-26T12:00:00Z,-0.3944459557533264,-0.5301563739776611
gfs_interpolated,12,2025-11-26T18:00:00Z,0.13351422548294067,-0.7198024988174438
gfs_interpolated,12,2025-11-27T00:00:00Z,-0.2354835867881775,0.2077382206916809
gfs_interpolated,12,2025-11-27T06:00:00Z,-0.5165553092956543,0.6004807353019714
gfs_interpolated,12,2025-11-27T12:00:00Z,-0.3549715280532837,0.5276159644126892
gfs_interpolated,12,2025-11-27T18:00:00Z,0.3922428488731384,0.154022216796875
gfs_interpolated,12,2025-11-28T00:00:00Z,0.29379791021347046,-0.03432762622833252
gfs_interpolated,12,2025-11-28T06:00:00Z,-0.7142756581306458,-0.9227683544158936
gfs_interpolated,12,2025-11-28T12:00:00Z,-0.4365120530128479,0.657375156879425
gfs_interpolated,12,2025-11-28T18:00:00Z,0.4254840016365051,1.4335505962371826
gfs_interpolated,12,2025-11-29T00:00:00Z,0.7567868828773499,1.4392905235290527
gfs_interpolated,12,2025-11-29T06:00:00Z,-0.6840096712112427,-1.1398733854293823
gfs_interpolated,12,2025-11-29T12:00:00Z,-0.390796422958374,-0.49749475717544556
gfs_interpolated,12,2025-11-29T18:00:00Z,0.20814675092697144,-0.34317323565483093
gfs_interpolated,12,2025-11-30T00:00:00Z,-0.026001811027526855,0.4134696125984192
gfs_interpolated,12,2025-11-30T06:00:00Z,-0.5812655687332153,-1.446961522102356
gfs_interpolated,12,2025-11-30T12:00:00Z,-0.5790491104125977,-1.1805776357650757
gfs_interpolated,12,2025-11-30T18:00:00Z,-0.3755019009113312,-2.1476848125457764
gfs_interpolated,12,2025-12-01T00:00:00Z,-1.307981014251709,-0.2758523225784302
gfs_interpolated,12,2025-12-01T06:00:00Z,-0.1543503999710083,0.1299780011177063
gfs_interpolated,12,2025-12-01T12:00:00Z,-0.3373528718948364,-0.8507775664329529
gfs_interpolated,12,2025-12-01T18:00:00Z,-0.31883612275123596,-0.22889703512191772
gfs_interpolated,12,2025-12-02T00:00:00Z,0.14197087287902832,-0.37653157114982605
gfs_interpolated,12,2025-12-02T06:00:00Z,-0.45077431201934814,0.8081732392311096
gfs_interpolated,12,2025-12-02T12:00:00Z,-0.3845503032207489,-1.9836900234222412
gfs_interpolated,12,2025-12-02T18:00:00Z,-0.7662109732627869,0.9737946391105652
gfs_interpolated,12,2025-12-03T00:00:00Z,0.43982380628585815,0.04170602560043335
gfs_interpolated,12,2025-12-03T06:00:00Z,-0.44025444984436035,-2.3950488567352295
gfs_interpolated,12,2025-12-03T12:00:00Z,-0.8358238935470581,-1.1752313375473022
gfs_interpolated,12,2025-12-03T18:00:00Z,-0.5449222922325134,-0.5309683680534363
gfs_interpolated,12,2025-12-04T00:00:00Z,-0.18945062160491943,-1.2044075727462769
gfs_interpolated,12,2025-12-04T06:00:00Z,-0.6353298425674438,1.4506540298461914
gfs_interpolated,12,2025-12-04T12:00:00Z,-0.3674061596393585,-0.12963104248046875
gfs_interpolated,12,2025-12-04T18:00:00Z,0.10955309867858887,1.0807433128356934
gfs_interpolated,12,2025-12-05T00:00:00Z,0.6551571488380432,-0.9560974836349487
gfs_interpolated,12,2025-12-05T06:00:00Z,-1.00172758102417,-1.5234476327896118
gfs_interpolated,12,2025-12-05T12:00:00Z,-0.5146311521530151,-2.7203705310821533
gfs_interpolated,12,2025-12-05T18:00:00Z,-1.5941572189331055,-2.784492015838623
gfs_interpolated,12,2025-12-06T00:00:00Z,-1.857391119003296,-2.1214003562927246
gfs_interpolated,12,2025-12-06T06:00:00Z,-0.3573172688484192,-0.5969868302345276
gfs_interpolated,12,2025-12-06T12:00:00Z,-0.5710563063621521,-3.1740856170654297
gfs_interpolated,12,2025-12-06T18:00:00Z,-2.2013745307922363,-2.9603323936462402
gfs_interpolated,12,2025-12-07T00:00:00Z,-2.0611448287963867,-2.5974254608154297
gfs_interpolated,12,2025-12-07T06:00:00Z,-0.46936172246932983,-1.493129014968872
gfs_interpolated,12,2025-12-07T12:00:00Z,-1.1407111883163452,-1.690293550491333
gfs_interpolated,12,2025-12-07T18:00:00Z,-1.183245062828064,-0.2565991282463074
gfs_interpolated,12,2025-12-08T00:00:00Z,-0.03624790906906128,0.06562983989715576
gfs_interpolated,12,2025-12-08T06:00:00Z,0.11042499542236328,-2.122779607772827
gfs_interpolated,12,2025-12-08T12:00:00Z,-1.1714324951171875,-1.3778566122055054
gfs_interpolated,12,2025-12-08T18:00:00Z,-0.8503504991531372,1.1833226680755615
gfs_interpolated,12,2025-12-09T00:00:00Z,0.5403762459754944,0.4346148371696472
gfs_interpolated,12,2025-12-09T06:00:00Z,-0.417583167552948,-0.9194426536560059
gfs_interpolated,12,2025-12-09T12:00:00Z,-0.593738853931427,0.7068032622337341
gfs_interpolated,12,2025-12-09T18:00:00Z,0.4555284380912781,-0.2492956519126892
gfs_interpolated,12,2025-12-10T00:00:00Z,-0.09004825353622437,-0.22370946407318115
gfs_interpolated,12,2025-12-10T06:00:00Z,-0.7360637187957764,-0.4313700199127197
gfs_interpolated,12,2025-12-10T12:00:00Z,-0.39072030782699585,-0.8459872603416443
gfs_interpolated,12,2025-12-10T18:00:00Z,-0.17644518613815308,-1.2342244386672974
gfs_interpolated,12,2025-12-11T00:00:00Z,-0.7611667513847351,-1.3727957010269165
gfs_interpolated,12,2025-12-11T06:00:00Z,-0.5230493545532227,-0.3233081102371216
gfs_interpolated,12,2025-12-11T12:00:00Z,-0.4826872646808624,-1.6725842952728271
gfs_interpolated,12,2025-12-11T18:00:00Z,-0.9054865837097168,0.6928550601005554
gfs_interpolated,12,2025-12-12T00:00:00Z,0.3829715847969055,-0.7431148290634155
gfs_interpolated,12,2025-12-12T06:00:00Z,-0.7225985527038574,-0.06117987632751465
gfs_interpolated,12,2025-12-12T12:00:00Z,-0.46486788988113403,-3.559736490249634
gfs_interpolated,12,2025-12-12T18:00:00Z,-2.10030460357666,-1.8811335563659668
gfs_interpolated,12,2025-12-13T00:00:00Z,-1.4013144969940186,-0.22262650728225708
gfs_interpolated,12,2025-12-13T06:00:00Z,0.20707213878631592,-1.5644915103912354
gfs_interpolated,12,2025-12-13T12:00:00Z,-1.1175154447555542,-1.5606201887130737
gfs_interpolated,12,2025-12-13T18:00:00Z,-0.9466385841369629,-0.7709261178970337
gfs_interpolated,12,2025-12-14T00:00:00Z,-0.3974286615848541,-0.34345072507858276
gfs_interpolated,12,2025-12-14T06:00:00Z,-0.15947753190994263,-1.722656011581421
gfs_interpolated,12,2025-12-14T12:00:00Z,-0.9902331829071045,-2.0093348026275635
gfs_interpolated,12,2025-12-14T18:00:00Z,-1.2146828174591064,-0.8065862059593201
gfs_interpolated,12,2025-12-15T00:00:00Z,-0.48231884837150574,1.5408015251159668
gfs_interpolated,12,2025-12-15T06:00:00Z,0.20763927698135376,-0.49649935960769653
gfs_interpolated,12,2025-12-15T12:00:00Z,-0.6799020171165466,-2.735410690307617
gfs_interpolated,12,2025-12-15T18:00:00Z,-1.3999392986297607,-2.401327133178711
gfs_interpolated,12,2025-12-16T00:00:00Z,-1.6668519973754883,-4.451134204864502
gfs_interpolated,12,2025-12-16T06:00:00Z,-1.623345136642456,0.8234298825263977
gfs_interpolated,12,2025-12-16T12:00:00Z,-0.8288813829421997,-0.4116671681404114
gfs_interpolated,12,2025-12-16T18:00:00Z,-0.4212568402290344,-1.2690130472183228
gfs_interpolated,12,2025-12-17T00:00:00Z,-1.3434627056121826,-1.5126292705535889
gfs_interpolated,12,2025-12-17T06:00:00Z,0.1663302779197693,-1.2513209581375122
gfs_interpolated,12,2025-12-17T12:00:00Z,-0.982811689376831,-5.441236972808838
gfs_interpolated,12,2025-12-17T18:00:00Z,-2.9200618267059326,-1.591512680053711
gfs_interpolated,12,2025-12-18T00:00:00Z,-1.6557960510253906,-1.393722653388977
gfs_interpolated,12,2025-12-18T06:00:00Z,-0.18641453981399536,-1.715335726737976
gfs_interpolated,12,2025-12-18T12:00:00Z,-1.158894658088684,-3.301312208175659
gfs_interpolated,12,2025-12-18T18:00:00Z,-2.2922842502593994,-1.373511552810669
gfs_interpolated,12,2025-12-19T00:00:00Z,-1.1990329027175903,-0.5741041898727417
gfs_interpolated,12,2025-12-19T06:00:00Z,0.20194292068481445,0.26144975423812866
gfs_interpolated,12,2025-12-19T12:00:00Z,-0.2975078225135803,0.198503315448761
gfs_interpolated,12,2025-12-19T18:00:00Z,0.036257266998291016,0.7852881550788879
gfs_interpolated,12,2025-12-20T00:00:00Z,0.7335841059684753,0.07888269424438477
gfs_interpolated,12,2025-12-20T06:00:00Z,-0.5741431713104248,0.42982810735702515
gfs_interpolated,12,2025-12-20T12:00:00Z,-0.3280963897705078,-1.9790616035461426
gfs_interpolated,12,2025-12-20T18:00:00Z,-0.9065561294555664,-3.7622714042663574
gfs_interpolated,12,2025-12-21T00:00:00Z,-2.722090482711792,0.06950950622558594
gfs_interpolated,12,2025-12-21T06:00:00Z,-0.5723333358764648,1.6197452545166016
gfs_interpolated,12,2025-12-21T12:00:00Z,0.15640884637832642,-0.37430262565612793
gfs_interpolated,12,2025-12-21T18:00:00Z,-0.27740323543548584,0.3503984808921814
gfs_interpolated,12,2025-12-22T00:00:00Z,0.4703841805458069,1.4947466850280762
gfs_interpolated,12,2025-12-22T06:00:00Z,-0.03188049793243408,-1.7550725936889648
gfs_interpolated,12,2025-12-22T12:00:00Z,-0.824954092502594,-2.565333604812622
gfs_interpolated,12,2025-12-22T18:00:00Z,-1.4330966472625732,-0.4282952845096588
gfs_interpolated,12,2025-12-23T00:00:00Z,-0.35675057768821716,0.15792018175125122
gfs_interpolated,12,2025-12-23T06:00:00Z,-0.06991487741470337,-0.29344311356544495
gfs_interpolated,12,2025-12-23T12:00:00Z,-0.547610878944397,-0.1365538239479065
gfs_interpolated,12,2025-12-23T18:00:00Z,0.11576414108276367,-1.54745614528656
gfs_interpolated,12,2025-12-24T00:00:00Z,-1.269674301147461,-1.5047228336334229
gfs_interpolated,12,2025-12-24T06:00:00Z,-0.49998152256011963,-1.6009697914123535
gfs_interpolated,12,2025-12-24T12:00:00Z,-0.9413319230079651,-0.40060728788375854
gfs_interpolated,12,2025-12-24T18:00:00Z,-0.2761382460594177,-0.45808663964271545
gfs_interpolated,12,2025-12-25T00:00:00Z,-0.3060151934623718,-1.0867599248886108
gfs_interpolated,12,2025-12-25T06:00:00Z,-0.692294180393219,-0.8537750840187073
gfs_interpolated,12,2025-12-25T12:00:00Z,-0.6375594735145569,-1.6108518838882446
gfs_interpolated,12,2025-12-25T18:00:00Z,-1.0249502658843994,-0.5037903189659119
gfs_interpolated,12,2025-12-26T00:00:00Z,-0.3402826488018036,-0.21949487924575806
gfs_interpolated,12,2025-12-26T06:00:00Z,-0.35651805996894836,0.03231167793273926
gfs_interpolated,12,2025-12-26T12:00:00Z,-0.47014451026916504,2.5907907485961914
gfs_interpolated,12,2025-12-26T18:00:00Z,0.7078079581260681,-1.042954921722412
gfs_interpolated,12,2025-12-27T00:00:00Z,-0.8423341512680054,-3.5193636417388916
gfs_interpolated,12,2025-12-27T06:00:00Z,-1.2229963541030884,0.2184268832206726
gfs_interpolated,12,2025-12-27T12:00:00Z,-0.549365758895874,-2.802145004272461
gfs_interpolated,12,2025-12-27T18:00:00Z,-2.108811855316162,-4.102943420410156
gfs_interpolated,12,2025-12-28T00:00:00Z,-3.0615036487579346,-2.159188985824585
gfs_interpolated,12,2025-12-28T06:00:00Z,-0.7070313096046448,0.5200363993644714
gfs_interpolated,12,2025-12-28T12:00:00Z,-0.1924397349357605,0.5004779696464539
gfs_interpolated,12,2025-12-28T18:00:00Z,0.11474055051803589,0.31835097074508667
gfs_interpolated,12,2025-12-29T00:00:00Z,-0.20679038763046265,-1.2746987342834473
gfs_interpolated,12,2025-12-29T06:00:00Z,-0.25549745559692383,0.8511106371879578
gfs_interpolated,12,2025-12-29T12:00:00Z,-0.5201750993728638,-0.18076229095458984
gfs_interpolated,12,2025-12-29T18:00:00Z,-0.3846043050289154,-0.5463714599609375
gfs_interpolated,12,2025-12-30T00:00:00Z,-0.2855221629142761,-1.870692253112793
gfs_interpolated,12,2025-12-30T06:00:00Z,-1.0165268182754517,-1.4977365732192993
gfs_interpolated,12,2025-12-30T12:00:00Z,-0.7233982682228088,-0.7097911238670349
gfs_interpolated,12,2025-12-30T18:00:00Z,-0.44378358125686646,-0.3482828438282013
gfs_interpolated,12,2025-12-31T00:00:00Z,-0.3434610962867737,-0.4252839982509613
gfs_interpolated,12,2025-12-31T06:00:00Z,-0.5763437151908875,-0.34593465924263
gfs_interpolated,6,2025-11-07T06:00:00Z,0.04394501447677612,-0.6681843996047974
gfs_interpolated,6,2025-11-07T12:00:00Z,0.16029590368270874,0.5425053834915161
gfs_interpolated,6,2025-11-07T18:00:00Z,-0.8755316138267517,-0.1521625518798828
gfs_interpolated,6,2025-11-08T00:00:00Z,-0.23797017335891724,-1.2115896940231323
gfs_interpolated,6,2025-11-08T06:00:00Z,-0.45467492938041687,-0.5428091287612915
gfs_interpolated,6,2025-11-08T12:00:00Z,0.14343243837356567,0.17024481296539307
gfs_interpolated,6,2025-11-08T18:00:00Z,-0.8243643045425415,0.8285527229309082
gfs_interpolated,6,2025-11-09T00:00:00Z,-0.07381051778793335,0.7196383476257324
gfs_interpolated,6,2025-11-09T06:00:00Z,0.3027573823928833,-0.018322885036468506
gfs_interpolated,6,2025-11-09T12:00:00Z,-0.07700443267822266,1.2089284658432007
gfs_interpolated,6,2025-11-09T18:00:00Z,-0.7396110892295837,-0.2009108066558838
gfs_interpolated,6,2025-11-10T00:00:00Z,-0.12073981761932373,-0.13063597679138184
gfs_interpolated,6,2025-11-10T06:00:00Z,-0.13843613862991333,-0.42604368925094604
gfs_interpolated,6,2025-11-10T12:00:00Z,-0.050201237201690674,0.19827163219451904
gfs_interpolated,6,2025-11-10T18:00:00Z,-0.7936902642250061,-0.15866219997406006
gfs_interpolated,6,2025-11-11T00:00:00Z,-0.17829781770706177,0.5070095062255859
gfs_interpolated,6,2025-11-11T06:00:00Z,0.06967931985855103,1.3582687377929688
gfs_interpolated,6,2025-11-11T12:00:00Z,-0.1734972596168518,-0.27494627237319946
gfs_interpolated,6,2025-11-11T18:00:00Z,-0.6160596013069153,-1.7784518003463745
gfs_interpolated,6,2025-11-12T00:00:00Z,-0.3925958275794983,-0.9099514484405518
gfs_interpolated,6,2025-11-12T06:00:00Z,-0.4881717264652252,-2.2434449195861816
gfs_interpolated,6,2025-11-12T12:00:00Z,-0.12575781345367432,-1.600403070449829
gfs_interpolated,6,2025-11-12T18:00:00Z,-1.1939141750335693,-0.3310129940509796
gfs_interpolated,6,2025-11-13T00:00:00Z,-0.5663354396820068,-1.115588665008545
gfs_interpolated,6,2025-11-13T06:00:00Z,-0.5309821963310242,-0.5183193683624268
gfs_interpolated,6,2025-11-13T12:00:00Z,0.4023599624633789,2.103423833847046
gfs_interpolated,6,2025-11-13T18:00:00Z,-0.5393763184547424,-0.7051185369491577
gfs_interpolated,6,2025-11-14T00:00:00Z,-0.27608630061149597,0.3991771936416626
gfs_interpolated,6,2025-11-14T06:00:00Z,0.019047796726226807,-4.3511390686035156e-05
gfs_interpolated,6,2025-11-14T12:00:00Z,-0.15361100435256958,-0.22355788946151733
gfs_interpolated,6,2025-11-14T18:00:00Z,-0.6811261177062988,0.13658511638641357
gfs_interpolated,6,2025-11-15T00:00:00Z,-0.06904947757720947,0.9019991159439087
gfs_interpolated,6,2025-11-15T06:00:00Z,0.22389966249465942,0.84346604347229
gfs_interpolated,6,2025-11-15T12:00:00Z,-0.23796027898788452,1.3119587898254395
gfs_interpolated,6,2025-11-15T18:00:00Z,-0.6309773325920105,3.0001330375671387
gfs_interpolated,6,2025-11-16T00:00:00Z,0.29231977462768555,-0.43022972345352173
gfs_interpolated,6,2025-11-16T06:00:00Z,-0.15665143728256226,-0.42250117659568787
gfs_interpolated,6,2025-11-16T12:00:00Z,0.14008814096450806,-0.548868715763092
gfs_interpolated,6,2025-11-16T18:00:00Z,-0.9030071496963501,0.35008668899536133
gfs_interpolated,6,2025-11-17T00:00:00Z,-0.2196221947669983,1.4838948249816895
gfs_interpolated,6,2025-11-17T06:00:00Z,0.21645283699035645,-0.6360377073287964
gfs_interpolated,6,2025-11-17T12:00:00Z,-0.3574593961238861,-0.8566292524337769
gfs_interpolated,6,2025-11-17T18:00:00Z,-0.7294812202453613,0.5354042053222656
gfs_interpolated,6,2025-11-18T00:00:00Z,-0.10126209259033203,-0.9123027920722961
gfs_interpolated,6,2025-11-18T06:00:00Z,-0.42758727073669434,-2.3114659786224365
gfs_interpolated,6,2025-11-18T12:00:00Z,0.12207657098770142,-0.7706300616264343
gfs_interpolated,6,2025-11-18T18:00:00Z,-1.1229257583618164,-0.31123435497283936
gfs_interpolated,6,2025-11-19T00:00:00Z,-0.516655683517456,1.4238884449005127
gfs_interpolated,6,2025-11-19T06:00:00Z,0.24185538291931152,0.5337456464767456
gfs_interpolated,6,2025-11-19T12:00:00Z,-0.04634976387023926,-0.9262640476226807
gfs_interpolated,6,2025-11-19T18:00:00Z,-0.5902594923973083,-0.8124470114707947
gfs_interpolated,6,2025-11-20T00:00:00Z,-0.27203816175460815,2.493595600128174
gfs_interpolated,6,2025-11-20T06:00:00Z,0.39601027965545654,2.6786413192749023
gfs_interpolated,6,2025-11-20T12:00:00Z,-0.18495476245880127,-0.5795255303382874
gfs_interpolated,6,2025-11-20T18:00:00Z,-0.5231661796569824,-0.2460700273513794
gfs_interpolated,6,2025-11-21T00:00:00Z,0.03240400552749634,-0.4790533483028412
gfs_interpolated,6,2025-11-21T06:00:00Z,-0.3497021198272705,-0.6164464950561523
gfs_interpolated,6,2025-11-21T12:00:00Z,-0.006021857261657715,0.5908730030059814
gfs_interpolated,6,2025-11-21T18:00:00Z,-0.8264895677566528,0.2494732141494751
gfs_interpolated,6,2025-11-22T00:00:00Z,-0.17864131927490234,-0.7217907309532166
gfs_interpolated,6,2025-11-22T06:00:00Z,-0.3564442992210388,-0.45529523491859436
gfs_interpolated,6,2025-11-22T12:00:00Z,-0.010739624500274658,0.32748472690582275
gfs_interpolated,6,2025-11-22T18:00:00Z,-0.7629340887069702,-0.453635573387146
gfs_interpolated,6,2025-11-23T00:00:00Z,-0.2756448984146118,0.2287963628768921
gfs_interpolated,6,2025-11-23T06:00:00Z,-0.06231391429901123,-1.3955130577087402
gfs_interpolated,6,2025-11-23T12:00:00Z,-0.19412636756896973,-2.191979169845581
gfs_interpolated,6,2025-11-23T18:00:00Z,-0.9893630743026733,-1.5120794773101807
gfs_interpolated,6,2025-11-24T00:00:00Z,-0.7726836800575256,0.2305290699005127
gfs_interpolated,6,2025-11-24T06:00:00Z,-0.2905293107032776,1.3460731506347656
gfs_interpolated,6,2025-11-24T12:00:00Z,0.028252124786376953,-0.5389442443847656
gfs_interpolated,6,2025-11-24T18:00:00Z,-0.4250812530517578,-0.7348835468292236
gfs_interpolated,6,2025-11-25T00:00:00Z,-0.12294608354568481,0.45473992824554443
gfs_interpolated,6,2025-11-25T06:00:00Z,0.01706838607788086,-0.9524531364440918
gfs_interpolated,6,2025-11-25T12:00:00Z,-0.2341175079345703,-1.4018341302871704
gfs_interpolated,6,2025-11-25T18:00:00Z,-0.902117908000946,-0.071993887424469
gfs_interpolated,6,2025-11-26T00:00:00Z,-0.3210315704345703,0.05038374662399292
gfs_interpolated,6,2025-11-26T06:00:00Z,-0.1547427773475647,0.22006559371948242
gfs_interpolated,6,2025-11-26T12:00:00Z,-0.13750404119491577,0.29741406440734863
gfs_interpolated,6,2025-11-26T18:00:00Z,-0.6247807741165161,-0.7003048062324524
gfs_interpolated,6,2025-11-27T00:00:00Z,-0.22087162733078003,-0.6751055121421814
gfs_interpolated,6,2025-11-27T06:00:00Z,-0.4382377862930298,0.21667981147766113
gfs_interpolated,6,2025-11-27T12:00:00Z,-0.09557223320007324,0.2473127841949463
gfs_interpolated,6,2025-11-27T18:00:00Z,-0.679027795791626,0.5004117488861084
gfs_interpolated,6,2025-11-28T00:00:00Z,0.0011453628540039062,0.23446011543273926
gfs_interpolated,6,2025-11-28T06:00:00Z,0.06026822328567505,-0.13717120885849
gfs_interpolated,6,2025-11-28T12:00:00Z,-0.18498677015304565,-0.9386910796165466
gfs_interpolated,6,2025-11-28T18:00:00Z,-0.8071520328521729,0.7112584114074707
gfs_interpolated,6,2025-11-29T00:00:00Z,-0.08071988821029663,1.1419123411178589
gfs_interpolated,6,2025-11-29T06:00:00Z,0.23239004611968994,1.4768085479736328
gfs_interpolated,6,2025-11-29T12:00:00Z,-0.3336390554904938,-1.169957160949707
gfs_interpolated,6,2025-11-29T18:00:00Z,-0.6144603490829468,-0.2913251221179962
gfs_interpolated,6,2025-11-30T00:00:00Z,-0.10663139820098877,-0.3957262635231018
gfs_interpolated,6,2025-11-30T06:00:00Z,-0.3979349136352539,0.526470422744751
gfs_interpolated,6,2025-11-30T12:00:00Z,-0.19330906867980957,-1.1640466451644897
gfs_interpolated,6,2025-11-30T18:00:00Z,-0.7677116394042969,-1.2523809671401978
gfs_interpolated,6,2025-12-01T00:00:00Z,-0.5017890334129333,-2.006335973739624
gfs_interpolated,6,2025-12-01T06:00:00Z,-1.0501269102096558,-0.1303011178970337
gfs_interpolated,6,2025-12-01T12:00:00Z,-0.06582581996917725,0.05270594358444214
gfs_interpolated,6,2025-12-01T18:00:00Z,-0.7476277947425842,-1.047187328338623
gfs_interpolated,6,2025-12-02T00:00:00Z,-0.46938416361808777,-0.20190685987472534
gfs_interpolated,6,2025-12-02T06:00:00Z,-0.29568415880203247,-0.24271553754806519
gfs_interpolated,6,2025-12-02T12:00:00Z,0.0957837700843811,0.6743166446685791
gfs_interpolated,6,2025-12-02T18:00:00Z,-0.6886594295501709,-2.14844012260437
gfs_interpolated,6,2025-12-03T00:00:00Z,-0.7704803347587585,1.2058911323547363
gfs_interpolated,6,2025-12-03T06:00:00Z,-0.09781914949417114,-0.057662010192871094
gfs_interpolated,6,2025-12-03T12:00:00Z,-0.31896811723709106,-2.3047993183135986
gfs_interpolated,6,2025-12-03T18:00:00Z,-0.721833348274231,-1.3337864875793457
gfs_interpolated,6,2025-12-04T00:00:00Z,-0.6102220416069031,-0.5687346458435059
gfs_interpolated,6,2025-12-04T06:00:00Z,-0.5773013830184937,-1.3164517879486084
gfs_interpolated,6,2025-12-04T12:00:00Z,-0.24226444959640503,1.6931962966918945
gfs_interpolated,6,2025-12-04T18:00:00Z,-0.6624720096588135,-0.40117958188056946
gfs_interpolated,6,2025-12-05T00:00:00Z,-0.21133911609649658,0.48357224464416504
gfs_interpolated,6,2025-12-05T06:00:00Z,0.0561903715133667,-1.5000834465026855
gfs_interpolated,6,2025-12-05T12:00:00Z,-0.3115719258785248,-1.5985791683197021
gfs_interpolated,6,2025-12-05T18:00:00Z,-0.9568284153938293,-2.4835872650146484
gfs_interpolated,6,2025-12-06T00:00:00Z,-1.0903280973434448,-2.411464214324951
gfs_interpolated,6,2025-12-06T06:00:00Z,-1.3739399909973145,-2.135319948196411
gfs_interpolated,6,2025-12-06T12:00:00Z,-0.7397432923316956,-0.10412782430648804
gfs_interpolated,6,2025-12-06T18:00:00Z,-1.1280217170715332,-2.94952392578125
gfs_interpolated,6,2025-12-07T00:00:00Z,-1.6839814186096191,-2.3659234046936035
gfs_interpolated,6,2025-12-07T06:00:00Z,-2.0181336402893066,-2.4505538940429688
gfs_interpolated,6,2025-12-07T12:00:00Z,-0.04855489730834961,-1.120152235031128
gfs_interpolated,6,2025-12-07T18:00:00Z,-1.4950037002563477,-1.6318717002868652
gfs_interpolated,6,2025-12-08T00:00:00Z,-1.6384421586990356,-0.40575292706489563
gfs_interpolated,6,2025-12-08T06:00:00Z,-1.1740449666976929,0.3312695026397705
gfs_interpolated,6,2025-12-08T12:00:00Z,0.5434328317642212,-1.7582838535308838
gfs_interpolated,6,2025-12-08T18:00:00Z,-0.9625879526138306,-1.1298868656158447
gfs_interpolated,6,2025-12-09T00:00:00Z,-0.9442416429519653,0.919439435005188
gfs_interpolated,6,2025-12-09T06:00:00Z,-0.19028252363204956,0.3910719156265259
gfs_interpolated,6,2025-12-09T12:00:00Z,-0.18148809671401978,-1.0754714012145996
gfs_interpolated,6,2025-12-09T18:00:00Z,-0.5225304365158081,0.8801020383834839
gfs_interpolated,6,2025-12-10T00:00:00Z,0.07834988832473755,-1.4499232769012451
gfs_interpolated,6,2025-12-10T06:00:00Z,-0.8072004914283752,-0.37459442019462585
gfs_interpolated,6,2025-12-10T12:00:00Z,0.11093932390213013,-0.6113718748092651
gfs_interpolated,6,2025-12-10T18:00:00Z,-0.9096277356147766,-1.1879101991653442
gfs_interpolated,6,2025-12-11T00:00:00Z,-0.6837376356124878,-1.3747048377990723
gfs_interpolated,6,2025-12-11T06:00:00Z,-0.9334507584571838,-1.3811743259429932
gfs_interpolated,6,2025-12-11T12:00:00Z,-0.24486273527145386,-0.6641302108764648
gfs_interpolated,6,2025-12-11T18:00:00Z,-0.9693519473075867,-1.456150770187378
gfs_interpolated,6,2025-12-12T00:00:00Z,-0.8253589272499084,0.3225034475326538
gfs_interpolated,6,2025-12-12T06:00:00Z,-0.27248889207839966,0.05467092990875244
gfs_interpolated,6,2025-12-12T12:00:00Z,-0.048931777477264404,-0.20334655046463013
gfs_interpolated,6,2025-12-12T18:00:00Z,-0.5969728231430054,-3.5910251140594482
gfs_interpolated,6,2025-12-13T00:00:00Z,-1.285159707069397,-1.5548110008239746
gfs_interpolated,6,2025-12-13T06:00:00Z,-1.1933504343032837,-0.3153616189956665
gfs_interpolated,6,2025-12-13T12:00:00Z,-0.6326586008071899,-1.797331690788269
gfs_interpolated,6,2025-12-13T18:00:00Z,-1.1594045162200928,-1.5288374423980713
gfs_interpolated,6,2025-12-14T00:00:00Z,-1.031745433807373,-0.8800150156021118
gfs_interpolated,6,2025-12-14T06:00:00Z,-1.2043869495391846,-0.470598429441452
gfs_interpolated,6,2025-12-14T12:00:00Z,0.3239997625350952,-2.017169237136841
gfs_interpolated,6,2025-12-14T18:00:00Z,-1.2087855339050293,-1.2993323802947998
gfs_interpolated,6,2025-12-15T00:00:00Z,-1.0845279693603516,-0.6382067203521729
gfs_interpolated,6,2025-12-15T06:00:00Z,-0.849238395690918,1.180503010749817
gfs_interpolated,6,2025-12-15T12:00:00Z,0.04531222581863403,-0.27125680446624756
gfs_interpolated,6,2025-12-15T18:00:00Z,-0.3279714584350586,-2.8464176654815674
gfs_interpolated,6,2025-12-16T00:00:00Z,-1.0597723722457886,-2.7210211753845215
gfs_interpolated,6,2025-12-16T06:00:00Z,-1.666276216506958,-4.4956374168396
gfs_interpolated,6,2025-12-16T12:00:00Z,-1.2863919734954834,0.6433656215667725
gfs_interpolated,6,2025-12-16T18:00:00Z,-1.6022791862487793,-0.25618791580200195
gfs_interpolated,6,2025-12-17T00:00:00Z,-0.7543931007385254,-1.2505608797073364
gfs_interpolated,6,2025-12-17T06:00:00Z,-1.639686107635498,-1.1957812309265137
gfs_interpolated,6,2025-12-17T12:00:00Z,0.7164275646209717,-1.4915480613708496
gfs_interpolated,6,2025-12-17T18:00:00Z,-1.294283151626587,-5.167628288269043
gfs_interpolated,6,2025-12-18T00:00:00Z,-2.5688095092773438,-2.7294435501098633
gfs_interpolated,6,2025-12-18T06:00:00Z,-1.7805370092391968,-1.4172528982162476
gfs_interpolated,6,2025-12-18T12:00:00Z,-0.9243205189704895,-1.668947696685791
gfs_interpolated,6,2025-12-18T18:00:00Z,-1.6120707988739014,-2.8165669441223145
gfs_interpolated,6,2025-12-19T00:00:00Z,-2.3478481769561768,-0.8627446889877319
gfs_interpolated,6,2025-12-19T06:00:00Z,-2.0727014541625977,-0.0011571645736694336
gfs_interpolated,6,2025-12-19T12:00:00Z,0.45021986961364746,0.5955723524093628
gfs_interpolated,6,2025-12-19T18:00:00Z,-0.8767943978309631,0.10998153686523438
gfs_interpolated,6,2025-12-20T00:00:00Z,-0.9219322204589844,0.7594964504241943
gfs_interpolated,6,2025-12-20T06:00:00Z,-0.31753307580947876,-0.27107715606689453
gfs_interpolated,6,2025-12-20T12:00:00Z,-0.28164583444595337,0.2698935270309448
gfs_interpolated,6,2025-12-20T18:00:00Z,-0.616972804069519,-1.0272221565246582
gfs_interpolated,6,2025-12-21T00:00:00Z,-0.5467292070388794,-2.254201650619507
gfs_interpolated,6,2025-12-21T06:00:00Z,-1.3485302925109863,0.19743263721466064
gfs_interpolated,6,2025-12-21T12:00:00Z,-0.26846736669540405,1.5156245231628418
gfs_interpolated,6,2025-12-21T18:00:00Z,-0.5304578542709351,-0.6625078320503235
gfs_interpolated,6,2025-12-22T00:00:00Z,-0.2775799036026001,0.10011440515518188
gfs_interpolated,6,2025-12-22T06:00:00Z,-0.24804317951202393,1.4431405067443848
gfs_interpolated,6,2025-12-22T12:00:00Z,-0.16839951276779175,-1.7946473360061646
gfs_interpolated,6,2025-12-22T18:00:00Z,-0.6601819396018982,-2.3635997772216797
gfs_interpolated,6,2025-12-23T00:00:00Z,-0.9213149547576904,-0.4693695902824402
gfs_interpolated,6,2025-12-23T06:00:00Z,-0.8572902083396912,-0.10408860445022583
gfs_interpolated,6,2025-12-23T12:00:00Z,-0.4154449701309204,-0.6482369899749756
gfs_interpolated,6,2025-12-23T18:00:00Z,-0.5925340056419373,0.013196289539337158
gfs_interpolated,6,2025-12-24T00:00:00Z,-0.016272902488708496,-1.2612566947937012
gfs_interpolated,6,2025-12-24T06:00:00Z,-0.8861838579177856,-1.3606106042861938
gfs_interpolated,6,2025-12-24T12:00:00Z,0.1631034016609192,-1.5339875221252441
gfs_interpolated,6,2025-12-24T18:00:00Z,-1.2255678176879883,-0.05218428373336792
gfs_interpolated,6,2025-12-25T00:00:00Z,-0.6609190106391907,-0.6344797015190125
gfs_interpolated,6,2025-12-25T06:00:00Z,-0.6310238242149353,-0.6310172080993652
gfs_interpolated,6,2025-12-25T12:00:00Z,-0.20605218410491943,-1.6451294422149658
gfs_interpolated,6,2025-12-25T18:00:00Z,-0.8733944296836853,-1.3030619621276855
gfs_interpolated,6,2025-12-26T00:00:00Z,-0.7708206176757812,-0.15057134628295898
gfs_interpolated,6,2025-12-26T06:00:00Z,-0.5737760066986084,-0.13526195287704468
gfs_interpolated,6,2025-12-26T12:00:00Z,-0.26128292083740234,-0.3966202437877655
gfs_interpolated,6,2025-12-26T18:00:00Z,-0.5498121976852417,2.535660743713379
gfs_interpolated,6,2025-12-27T00:00:00Z,0.4353407621383667,-1.241303563117981
gfs_interpolated,6,2025-12-27T06:00:00Z,-0.7365915775299072,-3.2946455478668213
gfs_interpolated,6,2025-12-27T12:00:00Z,0.12102019786834717,-0.04022771120071411
gfs_interpolated,6,2025-12-27T18:00:00Z,-1.3379515409469604,-1.7521103620529175
gfs_interpolated,6,2025-12-28T00:00:00Z,-1.2546601295471191,-3.93605637550354
gfs_interpolated,6,2025-12-28T06:00:00Z,-2.3262500762939453,-2.459993362426758
gfs_interpolated,6,2025-12-28T12:00:00Z,-0.8241170048713684,0.03575843572616577
gfs_interpolated,6,2025-12-28T18:00:00Z,-1.3289430141448975,0.46272993087768555
gfs_interpolated,6,2025-12-29T00:00:00Z,-0.014788389205932617,0.9092779159545898
gfs_interpolated,6,2025-12-29T06:00:00Z,-0.35758066177368164,-0.9445812702178955
gfs_interpolated,6,2025-12-29T12:00:00Z,0.936089038848877,0.8874243497848511
gfs_interpolated,6,2025-12-29T18:00:00Z,-0.8933727741241455,-0.4640204906463623
gfs_interpolated,6,2025-12-30T00:00:00Z,-0.93646240234375,-0.698322057723999
gfs_interpolated,6,2025-12-30T06:00:00Z,-0.8851903676986694,-1.7485153675079346
gfs_interpolated,6,2025-12-30T12:00:00Z,-0.5663239359855652,-1.3449842929840088
gfs_interpolated,6,2025-12-30T18:00:00Z,-1.030503511428833,-1.5602096319198608
gfs_interpolated,6,2025-12-31T00:00:00Z,-0.9620094895362854,-0.2208307981491089
gfs_interpolated,6,2025-12-31T06:00:00Z,-0.7231950163841248,-0.7936287522315979
gfs_interpolated,6,2025-12-31T12:00:00Z,-0.44485169649124146,-0.019011497497558594
graphcast,12,2025-11-07T06:00:00Z,0.28034719824790955,1.181379795074463
graphcast,12,2025-11-07T12:00:00Z,0.0869949460029602,0.5822343826293945
graphcast,12,2025-11-07T18:00:00Z,0.7928797006607056,0.034492164850234985
graphcast,12,2025-11-08T00:00:00Z,-0.17908614873886108,0.8396356105804443
graphcast,12,2025-11-08T06:00:00Z,0.33304455876350403,-0.8524504899978638
graphcast,12,2025-11-08T12:00:00Z,-0.47459131479263306,0.3777966797351837
graphcast,12,2025-11-08T18:00:00Z,0.9862611293792725,0.5583672523498535
graphcast,12,2025-11-09T00:00:00Z,-0.3413133919239044,1.482696294784546
graphcast,12,2025-11-09T06:00:00Z,0.3627004325389862,2.435723304748535
graphcast,12,2025-11-09T12:00:00Z,0.2566845118999481,0.7368520498275757
graphcast,12,2025-11-09T18:00:00Z,0.39084234833717346,1.2596668004989624
graphcast,12,2025-11-10T00:00:00Z,0.5176206827163696,0.572310209274292
graphcast,12,2025-11-10T06:00:00Z,0.2866731584072113,1.2119067907333374
graphcast,12,2025-11-10T12:00:00Z,0.1037638783454895,0.8859500885009766
graphcast,12,2025-11-10T18:00:00Z,0.5194858312606812,0.6976170539855957
graphcast,12,2025-11-11T00:00:00Z,0.2092730700969696,0.9693382978439331
graphcast,12,2025-11-11T06:00:00Z,0.4019869267940521,0.9755595922470093
graphcast,12,2025-11-11T12:00:00Z,-0.05680502951145172,-0.2976341247558594
graphcast,12,2025-11-11T18:00:00Z,0.4418283998966217,0.4644385874271393
graphcast,12,2025-11-12T00:00:00Z,-0.32981836795806885,-0.3346072733402252
graphcast,12,2025-11-12T06:00:00Z,0.3555103838443756,0.33785250782966614
graphcast,12,2025-11-12T12:00:00Z,-0.18239456415176392,-0.22391074895858765
graphcast,12,2025-11-12T18:00:00Z,0.6881545782089233,-0.3805578351020813
graphcast,12,2025-11-13T00:00:00Z,-0.80119788646698,0.23145171999931335
graphcast,12,2025-11-13T06:00:00Z,0.37713006138801575,2.300095558166504
graphcast,12,2025-11-13T12:00:00Z,0.3445986211299896,0.3788869082927704
graphcast,12,2025-11-13T18:00:00Z,0.4696854054927826,1.1026835441589355
graphcast,12,2025-11-14T00:00:00Z,0.3136448562145233,-0.4556889533996582
graphcast,12,2025-11-14T06:00:00Z,0.21045970916748047,-0.7015892267227173
graphcast,12,2025-11-14T12:00:00Z,-0.23139865696430206,-0.9339618682861328
graphcast,12,2025-11-14T18:00:00Z,0.5787322521209717,0.17289581894874573
graphcast,12,2025-11-15T00:00:00Z,-0.4272330105304718,0.10055390000343323
graphcast,12,2025-11-15T06:00:00Z,0.3971693813800812,0.8876618146896362
graphcast,12,2025-11-15T12:00:00Z,0.001996368169784546,3.1952760219573975
graphcast,12,2025-11-15T18:00:00Z,1.0940018892288208,-0.14479202032089233
graphcast,12,2025-11-16T00:00:00Z,-0.009552329778671265,0.7127423286437988
graphcast,12,2025-11-16T06:00:00Z,0.3559854328632355,-0.1805756688117981
graphcast,12,2025-11-16T12:00:00Z,-0.15945222973823547,0.7020974159240723
graphcast,12,2025-11-16T18:00:00Z,0.9139918088912964,1.7970398664474487
graphcast,12,2025-11-17T00:00:00Z,0.3960486352443695,-0.49966514110565186
graphcast,12,2025-11-17T06:00:00Z,0.41061899065971375,-1.2934610843658447
graphcast,12,2025-11-17T12:00:00Z,-0.49643778800964355,1.1842472553253174
graphcast,12,2025-11-17T18:00:00Z,1.0887514352798462,-0.03361740708351135
graphcast,12,2025-11-18T00:00:00Z,-0.5468080043792725,-2.546341896057129
graphcast,12,2025-11-18T06:00:00Z,0.38969555497169495,-0.6992054581642151
graphcast,12,2025-11-18T12:00:00Z,-0.31583690643310547,-0.8365063667297363
graphcast,12,2025-11-18T18:00:00Z,0.7132999897003174,0.3471933901309967
graphcast,12,2025-11-19T00:00:00Z,-0.570636510848999,-0.25320810079574585
graphcast,12,2025-11-19T06:00:00Z,0.4704737961292267,-0.8810088634490967
graphcast,12,2025-11-19T12:00:00Z,-0.5343102216720581,-2.204472780227661
graphcast,12,2025-11-19T18:00:00Z,0.23964974284172058,1.2833600044250488
graphcast,12,2025-11-20T00:00:00Z,-0.18466424942016602,1.2467336654663086
graphcast,12,2025-11-20T06:00:00Z,0.2701726257801056,-0.19537951052188873
graphcast,12,2025-11-20T12:00:00Z,-0.2714398205280304,-0.8688443899154663
graphcast,12,2025-11-20T18:00:00Z,0.5538886785507202,-0.4915698766708374
graphcast,12,2025-11-21T00:00:00Z,-0.6703936457633972,-0.33743131160736084
graphcast,12,2025-11-21T06:00:00Z,0.47337856888771057,1.0303155183792114
graphcast,12,2025-11-21T12:00:00Z,0.15694192051887512,0.3467198312282562
graphcast,12,2025-11-21T18:00:00Z,0.6794594526290894,-1.9850151538848877
graphcast,12,2025-11-22T00:00:00Z,-1.2637962102890015,-0.6780617237091064
graphcast,12,2025-11-22T06:00:00Z,0.35526302456855774,-0.10211220383644104
graphcast,12,2025-11-22T12:00:00Z,-0.0902848094701767,-1.5140504837036133
graphcast,12,2025-11-22T18:00:00Z,0.3383238613605499,0.23325040936470032
graphcast,12,2025-11-23T00:00:00Z,-0.5633788108825684,0.2744181454181671
graphcast,12,2025-11-23T06:00:00Z,0.5267820358276367,-2.0049116611480713
graphcast,12,2025-11-23T12:00:00Z,-0.8587864637374878,-0.764705240726471
graphcast,12,2025-11-23T18:00:00Z,0.7250860929489136,0.7950184345245361
graphcast,12,2025-11-24T00:00:00Z,-0.3538559675216675,0.7909332513809204
graphcast,12,2025-11-24T12:00:00Z,0.5884968042373657,-1.3162522315979004
graphcast,12,2025-11-24T18:00:00Z,-0.47789469361305237,0.41650137305259705
graphcast,12,2025-11-25T00:00:00Z,0.3797803223133087,-0.7709078788757324
graphcast,12,2025-11-25T06:00:00Z,-0.150791198015213,-0.5268299579620361
graphcast,12,2025-11-25T12:00:00Z,-0.07378721237182617,0.8339301347732544
graphcast,12,2025-11-25T18:00:00Z,0.9742656946182251,1.2773215770721436
graphcast,12,2025-11-26T00:00:00Z,0.5229092836380005,0.8481429815292358
graphcast,12,2025-11-26T06:00:00Z,0.5786190032958984,0.3007759153842926
graphcast,12,2025-11-26T12:00:00Z,-0.10463061928749084,0.2929318845272064
graphcast,12,2025-11-26T18:00:00Z,0.5453623533248901,0.7167069911956787
graphcast,12,2025-11-27T00:00:00Z,-0.05386549234390259,1.3767966032028198
graphcast,12,2025-11-27T06:00:00Z,0.5639097690582275,1.5235135555267334
graphcast,12,2025-11-27T12:00:00Z,0.1312159299850464,0.7890690565109253
graphcast,12,2025-11-27T18:00:00Z,0.37083038687705994,0.3332754671573639
graphcast,12,2025-11-28T00:00:00Z,-0.1446351706981659,-0.41289272904396057
graphcast,12,2025-11-28T06:00:00Z,0.5064877271652222,-0.7121720314025879
graphcast,12,2025-11-28T12:00:00Z,-0.46333181858062744,1.2746726274490356
graphcast,12,2025-11-28T18:00:00Z,1.0543938875198364,1.150367259979248
graphcast,12,2025-11-29T00:00:00Z,-0.01341712474822998,0.5105139017105103
graphcast,12,2025-11-29T06:00:00Z,0.6232441663742065,-0.14269034564495087
graphcast,12,2025-11-29T12:00:00Z,-0.37212473154067993,-0.39275485277175903
graphcast,12,2025-11-29T18:00:00Z,0.5418256521224976,0.8332599401473999
graphcast,12,2025-11-30T00:00:00Z,-0.3585905432701111,1.7273119688034058
graphcast,12,2025-11-30T06:00:00Z,0.5344274044036865,0.8612443208694458
graphcast,12,2025-11-30T12:00:00Z,-0.0895482748746872,-0.1216450035572052
graphcast,12,2025-11-30T18:00:00Z,0.35840943455696106,-0.2593909204006195
graphcast,12,2025-12-01T00:00:00Z,-0.723509669303894,-0.3137608766555786
graphcast,12,2025-12-01T06:00:00Z,0.5935430526733398,0.5952873229980469
graphcast,12,2025-12-01T12:00:00Z,-0.05481649935245514,-0.2942359149456024
graphcast,12,2025-12-01T18:00:00Z,0.4784671366214752,0.2266126573085785
graphcast,12,2025-12-02T00:00:00Z,-0.5612407326698303,-1.2585041522979736
graphcast,12,2025-12-02T06:00:00Z,0.6289136409759521,1.2213127613067627
graphcast,12,2025-12-02T12:00:00Z,0.19951152801513672,-0.9936920404434204
graphcast,12,2025-12-02T18:00:00Z,0.15008923411369324,0.05091986060142517
graphcast,12,2025-12-03T00:00:00Z,-0.6068169474601746,0.3515525162220001
graphcast,12,2025-12-03T06:00:00Z,0.5142651796340942,-0.21868543326854706
graphcast,12,2025-12-03T12:00:00Z,-0.3101608455181122,0.8575452566146851
graphcast,12,2025-12-03T18:00:00Z,0.9429337978363037,1.0385289192199707
graphcast,12,2025-12-04T00:00:00Z,0.12728753685951233,-0.4366917908191681
graphcast,12,2025-12-04T06:00:00Z,0.6678149700164795,1.2958472967147827
graphcast,12,2025-12-04T12:00:00Z,0.19771254062652588,-0.215814009308815
graphcast,12,2025-12-04T18:00:00Z,0.172166109085083,-1.2010332345962524
graphcast,12,2025-12-05T00:00:00Z,-1.1311984062194824,-0.2442903369665146
graphcast,12,2025-12-05T06:00:00Z,0.4609566032886505,-0.4630807042121887
graphcast,12,2025-12-05T12:00:00Z,-0.37579020857810974,-1.8243085145950317
graphcast,12,2025-12-05T18:00:00Z,0.09924149513244629,-2.0114190578460693
graphcast,12,2025-12-06T00:00:00Z,-1.6483256816864014,-0.7291709184646606
graphcast,12,2025-12-06T06:00:00Z,0.5236384868621826,0.8725259304046631
graphcast,12,2025-12-06T12:00:00Z,0.5553604364395142,-1.2375015020370483
graphcast,12,2025-12-06T18:00:00Z,0.05110207200050354,-2.6047089099884033
graphcast,12,2025-12-07T00:00:00Z,-2.0954716205596924,-3.3124423027038574
graphcast,12,2025-12-07T06:00:00Z,0.28595367074012756,-0.025917619466781616
graphcast,12,2025-12-07T12:00:00Z,0.16566917300224304,-1.5835741758346558
graphcast,12,2025-12-07T18:00:00Z,-0.12805017828941345,-2.471853017807007
graphcast,12,2025-12-08T00:00:00Z,-1.9369381666183472,-2.7422821521759033
graphcast,12,2025-12-08T06:00:00Z,0.23775693774223328,-0.18572580814361572
graphcast,12,2025-12-08T12:00:00Z,0.5233269929885864,0.31914618611335754
graphcast,12,2025-12-08T18:00:00Z,0.39116403460502625,0.5387740135192871
graphcast,12,2025-12-09T00:00:00Z,-0.4934045970439911,0.3287600576877594
graphcast,12,2025-12-09T06:00:00Z,0.44096413254737854,1.1136027574539185
graphcast,12,2025-12-09T12:00:00Z,0.3235184848308563,1.5059349536895752
graphcast,12,2025-12-09T18:00:00Z,0.772606372833252,0.5952643156051636
graphcast,12,2025-12-10T00:00:00Z,0.6317015886306763,0.4855448305606842
graphcast,12,2025-12-10T06:00:00Z,0.6196755170822144,0.7706942558288574
graphcast,12,2025-12-10T12:00:00Z,0.32337066531181335,0.3587397634983063
graphcast,12,2025-12-10T18:00:00Z,0.26619794964790344,1.2797294855117798
graphcast,12,2025-12-11T00:00:00Z,0.48719289898872375,0.1619555950164795
graphcast,12,2025-12-11T06:00:00Z,0.5329912900924683,0.5200552940368652
graphcast,12,2025-12-11T12:00:00Z,0.05418714880943298,-0.015429675579071045
graphcast,12,2025-12-11T18:00:00Z,0.10241466760635376,1.797136902809143
graphcast,12,2025-12-12T00:00:00Z,0.18294566869735718,0.8872852325439453
graphcast,12,2025-12-12T06:00:00Z,0.6448475122451782,1.113147497177124
graphcast,12,2025-12-12T12:00:00Z,0.07154819369316101,-0.49958279728889465
graphcast,12,2025-12-12T18:00:00Z,-0.09617646038532257,-1.2006078958511353
graphcast,12,2025-12-13T00:00:00Z,-1.515884518623352,0.001405477523803711
graphcast,12,2025-12-13T06:00:00Z,0.5073024034500122,0.08539265394210815
graphcast,12,2025-12-13T12:00:00Z,-0.19172385334968567,-0.026084601879119873
graphcast,12,2025-12-13T18:00:00Z,0.6466338634490967,-0.009368926286697388
graphcast,12,2025-12-14T00:00:00Z,-0.5423502922058105,-0.07232096791267395
graphcast,12,2025-12-14T06:00:00Z,0.9450147151947021,0.41132667660713196
graphcast,12,2025-12-14T12:00:00Z,-0.11614714562892914,-0.06913541257381439
graphcast,12,2025-12-14T18:00:00Z,0.35191860795021057,1.0481610298156738
graphcast,12,2025-12-15T00:00:00Z,-0.16473066806793213,1.5285590887069702
graphcast,12,2025-12-15T06:00:00Z,0.7735741138458252,1.956210732460022
graphcast,12,2025-12-15T12:00:00Z,0.4135223925113678,0.36148443818092346
graphcast,12,2025-12-15T18:00:00Z,-0.1597025841474533,-0.21485671401023865
graphcast,12,2025-12-16T00:00:00Z,-0.4820185899734497,-2.9408862590789795
graphcast,12,2025-12-16T06:00:00Z,0.10105085372924805,1.9058889150619507
graphcast,12,2025-12-16T12:00:00Z,0.27654722332954407,0.25024619698524475
graphcast,12,2025-12-16T18:00:00Z,0.5678576231002808,-0.5388801693916321
graphcast,12,2025-12-17T00:00:00Z,-0.7412513494491577,-0.27370113134384155
graphcast,12,2025-12-17T06:00:00Z,0.8448233604431152,1.5712594985961914
graphcast,12,2025-12-17T12:00:00Z,0.36982306838035583,-2.986611843109131
graphcast,12,2025-12-17T18:00:00Z,-0.6205139756202698,-2.915381669998169
graphcast,12,2025-12-18T00:00:00Z,-2.177109956741333,-0.6490929126739502
graphcast,12,2025-12-18T06:00:00Z,0.09373006224632263,2.631647825241089
graphcast,12,2025-12-18T12:00:00Z,1.0413823127746582,1.0366488695144653
graphcast,12,2025-12-18T18:00:00Z,0.6623498201370239,0.22342827916145325
graphcast,12,2025-12-19T00:00:00Z,-0.026326358318328857,0.35441961884498596
graphcast,12,2025-12-19T06:00:00Z,0.6693705320358276,0.16882869601249695
graphcast,12,2025-12-19T12:00:00Z,0.17054203152656555,0.36365190148353577
graphcast,12,2025-12-19T18:00:00Z,0.4460553824901581,0.19229695200920105
graphcast,12,2025-12-20T00:00:00Z,0.00773698091506958,-1.4350088834762573
graphcast,12,2025-12-20T06:00:00Z,0.6384744644165039,1.0621819496154785
graphcast,12,2025-12-20T12:00:00Z,0.228062242269516,-0.5811673998832703
graphcast,12,2025-12-20T18:00:00Z,0.0007702410221099854,-1.6571846008300781
graphcast,12,2025-12-21T00:00:00Z,-1.680067777633667,0.9435513019561768
graphcast,12,2025-12-21T06:00:00Z,0.45353737473487854,2.1397738456726074
graphcast,12,2025-12-21T12:00:00Z,0.6813046932220459,-0.6798433661460876
graphcast,12,2025-12-21T18:00:00Z,0.041396498680114746,-0.6352424621582031
graphcast,12,2025-12-22T00:00:00Z,-0.7275977730751038,1.3950122594833374
graphcast,12,2025-12-22T06:00:00Z,0.6840629577636719,0.446292906999588
graphcast,12,2025-12-22T12:00:00Z,0.006142020225524902,-2.229992389678955
graphcast,12,2025-12-22T18:00:00Z,-0.3175898492336273,-0.701438307762146
graphcast,12,2025-12-23T00:00:00Z,-1.0125181674957275,0.5527859926223755
graphcast,12,2025-12-23T06:00:00Z,0.7466073036193848,0.8813084363937378
graphcast,12,2025-12-23T12:00:00Z,0.28096386790275574,0.2313043177127838
graphcast,12,2025-12-23T18:00:00Z,0.43521204590797424,-1.2039055824279785
graphcast,12,2025-12-24T00:00:00Z,-0.954242467880249,-1.2871156930923462
graphcast,12,2025-12-24T06:00:00Z,0.8695453405380249,-0.2398315966129303
graphcast,12,2025-12-24T12:00:00Z,-0.21405178308486938,-0.6052609086036682
graphcast,12,2025-12-24T18:00:00Z,0.3552263081073761,-0.8327510356903076
graphcast,12,2025-12-25T00:00:00Z,-1.0702093839645386,-1.3694993257522583
graphcast,12,2025-12-25T06:00:00Z,1.0516406297683716,1.0473003387451172
graphcast,12,2025-12-25T12:00:00Z,0.376507431268692,-0.7565737962722778
graphcast,12,2025-12-25T18:00:00Z,-0.0714830607175827,-0.9740182161331177
graphcast,12,2025-12-26T00:00:00Z,-1.3161839246749878,-0.05542142689228058
graphcast,12,2025-12-26T06:00:00Z,0.726125955581665,0.45912280678749084
graphcast,12,2025-12-26T12:00:00Z,0.09585294127464294,0.8540773391723633
graphcast,12,2025-12-26T18:00:00Z,0.8302122354507446,0.22112759947776794
graphcast,12,2025-12-27T00:00:00Z,0.01894068717956543,-1.836912989616394
graphcast,12,2025-12-27T06:00:00Z,0.7408919334411621,0.015553325414657593
graphcast,12,2025-12-27T12:00:00Z,0.005836993455886841,-2.6948282718658447
graphcast,12,2025-12-27T18:00:00Z,-0.472237765789032,-4.583982944488525
graphcast,12,2025-12-28T00:00:00Z,-2.6013572216033936,-2.692720413208008
graphcast,12,2025-12-28T06:00:00Z,-0.026976823806762695,-1.9576245546340942
graphcast,12,2025-12-28T12:00:00Z,-0.4710173010826111,-1.3939385414123535
graphcast,12,2025-12-28T18:00:00Z,-0.31419745087623596,-1.553337812423706
graphcast,12,2025-12-29T00:00:00Z,-0.6652202606201172,-1.0760489702224731
graphcast,12,2025-12-29T06:00:00Z,0.3404867947101593,1.5870426893234253
graphcast,12,2025-12-29T12:00:00Z,0.8533384799957275,1.7566009759902954
graphcast,12,2025-12-29T18:00:00Z,0.4266986548900604,0.5722684860229492
graphcast,12,2025-12-30T00:00:00Z,-0.0972655713558197,-1.355513095855713
graphcast,12,2025-12-30T06:00:00Z,0.195169597864151,-1.164547324180603
graphcast,12,2025-12-30T12:00:00Z,-0.07975247502326965,-1.156540870666504
graphcast,12,2025-12-30T18:00:00Z,0.4946160614490509,0.05674588680267334
graphcast,12,2025-12-31T00:00:00Z,-0.13997384905815125,-0.38665688037872314
graphcast,12,2025-12-31T06:00:00Z,0.9093987941741943,0.0964222252368927
graphcast,6,2025-11-07T12:00:00Z,-0.09348002076148987,1.7020174264907837
graphcast,6,2025-11-07T18:00:00Z,0.03688088059425354,0.44123920798301697
graphcast,6,2025-11-08T00:00:00Z,-0.01666930317878723,-0.5497037172317505
graphcast,6,2025-11-08T06:00:00Z,0.027578681707382202,0.25536373257637024
graphcast,6,2025-11-08T12:00:00Z,0.19117113947868347,-1.1606048345565796
graphcast,6,2025-11-08T18:00:00Z,-0.42464590072631836,1.0759974718093872
graphcast,6,2025-11-09T00:00:00Z,0.10128363966941833,-0.14822041988372803
graphcast,6,2025-11-09T06:00:00Z,0.12710997462272644,1.7710317373275757
graphcast,6,2025-11-09T12:00:00Z,0.21089836955070496,1.9675203561782837
graphcast,6,2025-11-09T18:00:00Z,0.17549195885658264,0.8518143892288208
graphcast,6,2025-11-10T00:00:00Z,-0.003682553768157959,1.1286371946334839
graphcast,6,2025-11-10T06:00:00Z,0.17610135674476624,0.042559653520584106
graphcast,6,2025-11-10T12:00:00Z,0.29175862669944763,0.8359227180480957
graphcast,6,2025-11-10T18:00:00Z,-0.06091839075088501,0.466109961271286
graphcast,6,2025-11-11T00:00:00Z,0.06514671444892883,0.2809188663959503
graphcast,6,2025-11-11T06:00:00Z,0.23101481795310974,1.303517460823059
graphcast,6,2025-11-11T12:00:00Z,0.33921483159065247,0.9289755821228027
graphcast,6,2025-11-11T18:00:00Z,0.028749197721481323,-0.6673248410224915
graphcast,6,2025-11-12T00:00:00Z,-0.17815136909484863,-0.08620598912239075
graphcast,6,2025-11-12T06:00:00Z,0.1764114797115326,-0.8098477125167847
graphcast,6,2025-11-12T12:00:00Z,0.09835353493690491,0.6106932163238525
graphcast,6,2025-11-12T18:00:00Z,-0.047540754079818726,-0.5229664444923401
graphcast,6,2025-11-13T00:00:00Z,-0.16936689615249634,-0.3467077612876892
graphcast,6,2025-11-13T06:00:00Z,0.08220645785331726,0.02475985884666443
graphcast,6,2025-11-13T12:00:00Z,0.25909093022346497,2.105081558227539
graphcast,6,2025-11-13T18:00:00Z,0.14503291249275208,0.563238263130188
graphcast,6,2025-11-14T00:00:00Z,0.018298089504241943,0.67625892162323
graphcast,6,2025-11-14T06:00:00Z,0.21430429816246033,-0.11780169606208801
graphcast,6,2025-11-14T12:00:00Z,0.2517562210559845,-1.4006047248840332
graphcast,6,2025-11-14T18:00:00Z,-0.5232072472572327,-0.4060376286506653
graphcast,6,2025-11-15T00:00:00Z,0.06248953938484192,-0.11822807788848877
graphcast,6,2025-11-15T06:00:00Z,0.025563687086105347,0.1632327139377594
graphcast,6,2025-11-15T12:00:00Z,0.2744172513484955,0.420833021402359
graphcast,6,2025-11-15T18:00:00Z,-0.1140083372592926,3.9751405715942383
graphcast,6,2025-11-16T00:00:00Z,-0.0013724267482757568,-0.16919246315956116
graphcast,6,2025-11-16T06:00:00Z,0.18735894560813904,0.2926487624645233
graphcast,6,2025-11-16T12:00:00Z,0.07748177647590637,-0.7038671970367432
graphcast,6,2025-11-16T18:00:00Z,-0.32429051399230957,1.028164267539978
graphcast,6,2025-11-17T00:00:00Z,0.07149335741996765,1.3597816228866577
graphcast,6,2025-11-17T06:00:00Z,0.2551490366458893,-0.2761431932449341
graphcast,6,2025-11-17T12:00:00Z,0.23921111226081848,-1.309943675994873
graphcast,6,2025-11-17T18:00:00Z,-0.5347465872764587,1.4403998851776123
graphcast,6,2025-11-18T00:00:00Z,0.07920566201210022,-0.8618572950363159
graphcast,6,2025-11-18T06:00:00Z,-0.011477142572402954,-2.257585048675537
graphcast,6,2025-11-18T12:00:00Z,-0.40554526448249817,-0.9055104851722717
graphcast,6,2025-11-18T18:00:00Z,-0.17593583464622498,-0.7120819687843323
graphcast,6,2025-11-19T00:00:00Z,-0.34151026606559753,0.53721022605896
graphcast,6,2025-11-19T06:00:00Z,0.10505476593971252,0.434463769197464
graphcast,6,2025-11-19T12:00:00Z,0.45151010155677795,-1.3155995607376099
graphcast,6,2025-11-19T18:00:00Z,-0.71882164478302,-1.6479402780532837
graphcast,6,2025-11-20T00:00:00Z,-0.1544378399848938,1.6275523900985718
graphcast,6,2025-11-20T06:00:00Z,0.046855539083480835,1.5406264066696167
graphcast,6,2025-11-20T12:00:00Z,0.41550180315971375,-0.4091612994670868
graphcast,6,2025-11-20T18:00:00Z,-0.3967999219894409,-1.054100513458252
graphcast,6,2025-11-21T00:00:00Z,-0.25292301177978516,0.07579723000526428
graphcast,6,2025-11-21T06:00:00Z,0.06333187222480774,-0.4209526479244232
graphcast,6,2025-11-21T12:00:00Z,0.16102853417396545,0.9261497259140015
graphcast,6,2025-11-21T18:00:00Z,-0.0010603368282318115,-0.2944093346595764
graphcast,6,2025-11-22T00:00:00Z,-0.13427555561065674,-1.4313106536865234
graphcast,6,2025-11-22T06:00:00Z,-0.23149357736110687,-0.32661953568458557
graphcast,6,2025-11-22T12:00:00Z,0.18666216731071472,-0.13782048225402832
graphcast,6,2025-11-22T18:00:00Z,-0.13909852504730225,-1.4450709819793701
graphcast,6,2025-11-23T00:00:00Z,-0.5407760739326477,0.11719873547554016
graphcast,6,2025-11-23T06:00:00Z,0.01866641640663147,0.1711629331111908
graphcast,6,2025-11-23T12:00:00Z,0.4760163724422455,-1.8343348503112793
graphcast,6,2025-11-23T18:00:00Z,-0.9537186622619629,-0.7434540390968323
graphcast,6,2025-11-24T00:00:00Z,0.035936444997787476,0.761837363243103
graphcast,6,2025-11-24T12:00:00Z,0.14879551529884338,-0.280903697013855
graphcast,6,2025-11-24T18:00:00Z,-0.04370582103729248,-1.1304163932800293
graphcast,6,2025-11-25T00:00:00Z,-0.6286202669143677,0.5434821844100952
graphcast,6,2025-11-25T06:00:00Z,0.035395413637161255,-0.7782161831855774
graphcast,6,2025-11-25T12:00:00Z,0.12668970227241516,-0.9238792657852173
graphcast,6,2025-11-25T18:00:00Z,-0.4423332214355469,1.0273172855377197
graphcast,6,2025-11-26T00:00:00Z,0.1663942039012909,1.041488528251648
graphcast,6,2025-11-26T06:00:00Z,0.3233179748058319,0.9337784051895142
graphcast,6,2025-11-26T12:00:00Z,0.3643624484539032,0.21057114005088806
graphcast,6,2025-11-26T18:00:00Z,-0.19319143891334534,0.17082926630973816
graphcast,6,2025-11-27T00:00:00Z,0.04983982443809509,0.19609197974205017
graphcast,6,2025-11-27T06:00:00Z,0.1663019359111786,1.1805734634399414
graphcast,6,2025-11-27T12:00:00Z,0.38198956847190857,1.1171555519104004
graphcast,6,2025-11-27T18:00:00Z,0.10679343342781067,0.6929889917373657
graphcast,6,2025-11-28T00:00:00Z,0.10757532715797424,0.2222735583782196
graphcast,6,2025-11-28T06:00:00Z,0.24906697869300842,-0.21961626410484314
graphcast,6,2025-11-28T12:00:00Z,0.23356321454048157,-0.7023506164550781
graphcast,6,2025-11-28T18:00:00Z,-0.2980530261993408,1.1193469762802124
graphcast,6,2025-11-29T00:00:00Z,0.24927648901939392,0.8385910987854004
graphcast,6,2025-11-29T06:00:00Z,0.3810897171497345,1.231237530708313
graphcast,6,2025-11-29T12:00:00Z,0.413072794675827,-0.6831861138343811
graphcast,6,2025-11-29T18:00:00Z,-0.3976225256919861,-0.6122353672981262
graphcast,6,2025-11-30T00:00:00Z,0.013274550437927246,1.0456992387771606
graphcast,6,2025-11-30T06:00:00Z,0.25783589482307434,1.536117434501648
graphcast,6,2025-11-30T12:00:00Z,0.49632391333580017,0.6643478870391846
graphcast,6,2025-11-30T18:00:00Z,-0.060488373041152954,-0.3649526834487915
graphcast,6,2025-12-01T00:00:00Z,-0.09927055239677429,-0.5185927152633667
graphcast,6,2025-12-01T06:00:00Z,0.07368025183677673,-1.6213841438293457
graphcast,6,2025-12-01T12:00:00Z,-0.17621713876724243,0.5739753246307373
graphcast,6,2025-12-01T18:00:00Z,0.12558427453041077,-0.6991860270500183
graphcast,6,2025-12-02T00:00:00Z,-0.5161780118942261,0.15793147683143616
graphcast,6,2025-12-02T06:00:00Z,0.1660914123058319,-0.7080227732658386
graphcast,6,2025-12-02T12:00:00Z,0.1985287368297577,1.0580781698226929
graphcast,6,2025-12-02T18:00:00Z,0.06202098727226257,-1.7629847526550293
graphcast,6,2025-12-03T00:00:00Z,-0.8227216005325317,0.19032064080238342
graphcast,6,2025-12-03T06:00:00Z,0.062072187662124634,0.37245509028434753
graphcast,6,2025-12-03T12:00:00Z,0.545096755027771,-1.0466488599777222
graphcast,6,2025-12-03T18:00:00Z,-0.6982635259628296,0.3117769658565521
graphcast,6,2025-12-04T00:00:00Z,0.1651158630847931,0.5258278846740723
graphcast,6,2025-12-04T06:00:00Z,0.2514325678348541,-0.3646920323371887
graphcast,6,2025-12-04T12:00:00Z,0.12374833226203918,0.9658154249191284
graphcast,6,2025-12-04T18:00:00Z,0.06167671084403992,-0.024600833654403687
graphcast,6,2025-12-05T00:00:00Z,-0.12154200673103333,-1.1139172315597534
graphcast,6,2025-12-05T06:00:00Z,-0.18873003125190735,-0.1658114492893219
graphcast,6,2025-12-05T12:00:00Z,0.2761920988559723,-0.9796279668807983
graphcast,6,2025-12-05T18:00:00Z,-0.42968857288360596,-2.0834872722625732
graphcast,6,2025-12-06T00:00:00Z,-0.6470317244529724,-1.7618316411972046
graphcast,6,2025-12-06T06:00:00Z,-0.7500216960906982,-0.7042524814605713
graphcast,6,2025-12-06T12:00:00Z,0.2803070843219757,0.3381698429584503
graphcast,6,2025-12-06T18:00:00Z,-0.2019859254360199,-1.7037118673324585
graphcast,6,2025-12-07T00:00:00Z,-1.0236597061157227,-2.9964966773986816
graphcast,6,2025-12-07T06:00:00Z,-1.0212838649749756,-2.5255002975463867
graphcast,6,2025-12-07T12:00:00Z,-0.008840322494506836,0.08034834265708923
graphcast,6,2025-12-07T18:00:00Z,-0.43468356132507324,-1.9067069292068481
graphcast,6,2025-12-08T00:00:00Z,-1.2714475393295288,-1.519065260887146
graphcast,6,2025-12-08T06:00:00Z,-0.633458137512207,-0.6390612125396729
graphcast,6,2025-12-08T12:00:00Z,0.45612260699272156,-0.6069580316543579
graphcast,6,2025-12-08T18:00:00Z,-0.8048211336135864,-0.27939572930336
graphcast,6,2025-12-09T00:00:00Z,-0.020199209451675415,0.09412553906440735
graphcast,6,2025-12-09T06:00:00Z,-0.05538386106491089,0.5449572801589966
graphcast,6,2025-12-09T12:00:00Z,0.3630114495754242,1.1579277515411377
graphcast,6,2025-12-09T18:00:00Z,0.194376140832901,0.8908156156539917
graphcast,6,2025-12-10T00:00:00Z,0.02174544334411621,0.2492752969264984
graphcast,6,2025-12-10T06:00:00Z,0.1403074562549591,-0.18614718317985535
graphcast,6,2025-12-10T12:00:00Z,0.24379214644432068,0.8677433729171753
graphcast,6,2025-12-10T18:00:00Z,0.12180766463279724,-0.04818999767303467
graphcast,6,2025-12-11T00:00:00Z,-0.14130926132202148,0.528099536895752
graphcast,6,2025-12-11T06:00:00Z,0.23264655470848083,-0.6033787727355957
graphcast,6,2025-12-11T12:00:00Z,0.19692149758338928,0.4971579611301422
graphcast,6,2025-12-11T18:00:00Z,-0.0071749091148376465,-0.46426844596862793
graphcast,6,2025-12-12T00:00:00Z,-0.2418239712715149,0.8450366258621216
graphcast,6,2025-12-12T06:00:00Z,0.22355732321739197,0.6536775827407837
graphcast,6,2025-12-12T12:00:00Z,0.5366685390472412,1.402976632118225
graphcast,6,2025-12-12T18:00:00Z,0.13478288054466248,-1.3058921098709106
graphcast,6,2025-12-13T00:00:00Z,-0.5554016828536987,-2.1852903366088867
graphcast,6,2025-12-13T06:00:00Z,-0.378508985042572,0.00903165340423584
graphcast,6,2025-12-13T12:00:00Z,0.2798093259334564,-0.4479720890522003
graphcast,6,2025-12-13T18:00:00Z,-0.5072108507156372,-0.5651522278785706
graphcast,6,2025-12-14T00:00:00Z,-0.2404932677745819,0.13604548573493958
graphcast,6,2025-12-14T06:00:00Z,-0.004771918058395386,0.05463865399360657
graphcast,6,2025-12-14T12:00:00Z,0.40766772627830505,-0.3755660057067871
graphcast,6,2025-12-14T18:00:00Z,-0.35956475138664246,-0.552070677280426
graphcast,6,2025-12-15T00:00:00Z,-0.14600807428359985,0.583101749420166
graphcast,6,2025-12-15T06:00:00Z,0.10863736271858215,1.9341503381729126
graphcast,6,2025-12-15T12:00:00Z,0.5427778959274292,1.5191047191619873
graphcast,6,2025-12-15T18:00:00Z,0.26989951729774475,-0.6571818590164185
graphcast,6,2025-12-16T00:00:00Z,-0.4359479248523712,-1.0481860637664795
graphcast,6,2025-12-16T06:00:00Z,-0.03742372989654541,-2.598060369491577
graphcast,6,2025-12-16T12:00:00Z,-0.6638144254684448,1.325395941734314
graphcast,6,2025-12-16T18:00:00Z,0.20251938700675964,0.14110907912254333
graphcast,6,2025-12-17T00:00:00Z,-0.5949873328208923,-0.6860211491584778
graphcast,6,2025-12-17T06:00:00Z,-0.008805245161056519,-0.47405216097831726
graphcast,6,2025-12-17T12:00:00Z,0.23791179060935974,1.3639272451400757
graphcast,6,2025-12-17T18:00:00Z,0.2269522249698639,-4.060145854949951
graphcast,6,2025-12-18T00:00:00Z,-2.003065586090088,-3.2816505432128906
graphcast,6,2025-12-18T06:00:00Z,-0.05217641592025757,-0.4486086666584015
graphcast,6,2025-12-18T12:00:00Z,-0.1473742127418518,2.647394895553589
graphcast,6,2025-12-18T18:00:00Z,1.2860186100006104,-0.20460787415504456
graphcast,6,2025-12-19T00:00:00Z,-0.9872797727584839,-0.8670055866241455
graphcast,6,2025-12-19T06:00:00Z,-0.028134644031524658,0.09123322367668152
graphcast,6,2025-12-19T12:00:00Z,0.5722538232803345,0.28326162695884705
graphcast,6,2025-12-19T18:00:00Z,-0.2997438311576843,0.034727126359939575
graphcast,6,2025-12-20T00:00:00Z,0.002910822629928589,-0.34440600872039795
graphcast,6,2025-12-20T06:00:00Z,-0.14260676503181458,-0.7717823386192322
graphcast,6,2025-12-20T12:00:00Z,0.14732149243354797,0.7541548013687134
graphcast,6,2025-12-20T18:00:00Z,0.17333218455314636,-0.9733126759529114
graphcast,6,2025-12-21T00:00:00Z,-0.8149027228355408,-1.0639064311981201
graphcast,6,2025-12-21T06:00:00Z,-0.16393610835075378,0.4357444941997528
graphcast,6,2025-12-21T12:00:00Z,0.557502031326294,1.9465633630752563
graphcast,6,2025-12-21T18:00:00Z,0.4377855360507965,-1.4075442552566528
graphcast,6,2025-12-22T00:00:00Z,-1.1098918914794922,-0.250806987285614
graphcast,6,2025-12-22T06:00:00Z,0.08984586596488953,1.9305695295333862
graphcast,6,2025-12-22T12:00:00Z,0.9641395807266235,0.017330944538116455
graphcast,6,2025-12-22T18:00:00Z,-0.44712764024734497,-3.143406391143799
graphcast,6,2025-12-23T00:00:00Z,-0.9916765689849854,-0.10262477397918701
graphcast,6,2025-12-23T06:00:00Z,-0.041443854570388794,0.3817461431026459
graphcast,6,2025-12-23T12:00:00Z,0.7657241821289062,0.4892769157886505
graphcast,6,2025-12-23T18:00:00Z,-0.18850958347320557,0.40356162190437317
graphcast,6,2025-12-24T00:00:00Z,0.0776616632938385,-1.2104228734970093
graphcast,6,2025-12-24T06:00:00Z,-0.5436534285545349,-1.1001533269882202
graphcast,6,2025-12-24T12:00:00Z,0.10669806599617004,-0.3897499144077301
graphcast,6,2025-12-24T18:00:00Z,-0.2139665186405182,-1.2894004583358765
graphcast,6,2025-12-25T00:00:00Z,-0.9095286726951599,-0.19198164343833923
graphcast,6,2025-12-25T06:00:00Z,-0.15628552436828613,-1.4351979494094849
graphcast,6,2025-12-25T12:00:00Z,0.014161795377731323,0.8407353162765503
graphcast,6,2025-12-25T18:00:00Z,0.11820992827415466,-2.532994508743286
graphcast,6,2025-12-26T00:00:00Z,-1.8146809339523315,0.49715307354927063
graphcast,6,2025-12-26T06:00:00Z,-0.08220541477203369,-0.08313542604446411
graphcast,6,2025-12-26T12:00:00Z,1.2104750871658325,0.23691675066947937
graphcast,6,2025-12-26T18:00:00Z,-0.3507160544395447,0.7739725112915039
graphcast,6,2025-12-27T00:00:00Z,0.27153488993644714,0.697406530380249
graphcast,6,2025-12-27T06:00:00Z,0.38112673163414,-4.209498882293701
graphcast,6,2025-12-27T12:00:00Z,-1.535586953163147,0.18787816166877747
graphcast,6,2025-12-27T18:00:00Z,0.07616111636161804,-2.3644165992736816
graphcast,6,2025-12-28T00:00:00Z,-2.0373098850250244,-3.1201789379119873
graphcast,6,2025-12-28T06:00:00Z,-0.36441659927368164,-3.2378828525543213
graphcast,6,2025-12-28T12:00:00Z,-1.282315969467163,-1.5937185287475586
graphcast,6,2025-12-28T18:00:00Z,-0.3125368654727936,-0.4533054530620575
graphcast,6,2025-12-29T00:00:00Z,-1.3029110431671143,-0.31698304414749146
graphcast,6,2025-12-29T06:00:00Z,-0.16392749547958374,-1.174017071723938
graphcast,6,2025-12-29T12:00:00Z,-0.030075132846832275,1.5951231718063354
graphcast,6,2025-12-29T18:00:00Z,0.21339824795722961,0.6644630432128906
graphcast,6,2025-12-30T00:00:00Z,-0.25320321321487427,-0.005476325750350952
graphcast,6,2025-12-30T06:00:00Z,-0.028613746166229248,-1.3043655157089233
graphcast,6,2025-12-30T12:00:00Z,-0.1051177978515625,-1.0934994220733643
graphcast,6,2025-12-30T18:00:00Z,-0.3558959364891052,-1.3855689764022827
graphcast,6,2025-12-31T00:00:00Z,-0.7799355983734131,-0.02225455641746521
graphcast,6,2025-12-31T06:00:00Z,-0.22282224893569946,-0.7087971568107605
graphcast,6,2025-12-31T12:00:00Z,0.33692678809165955,0.06745854020118713
hrrr_interpolated,12,2025-11-07T00:00:00Z,-2.760324001312256,-3.0239171981811523
hrrr_interpolated,12,2025-11-07T06:00:00Z,-0.0815117359161377,0.009232282638549805
hrrr_interpolated,12,2025-11-07T12:00:00Z,-1.4960740804672241,-1.2937942743301392
hrrr_interpolated,12,2025-11-07T18:00:00Z,-1.4103686809539795,-2.199469804763794
hrrr_interpolated,12,2025-11-08T00:00:00Z,-2.1651487350463867,-1.9717669486999512
hrrr_interpolated,12,2025-11-08T06:00:00Z,-0.16365113854408264,-0.624514102935791
hrrr_interpolated,12,2025-11-08T12:00:00Z,-1.545301914215088,0.6170304417610168
hrrr_interpolated,12,2025-11-08T18:00:00Z,-0.7071794271469116,-0.7620437145233154
hrrr_interpolated,12,2025-11-09T00:00:00Z,-1.375305414199829,0.49164384603500366
hrrr_interpolated,12,2025-11-09T06:00:00Z,-0.17064499855041504,1.328766107559204
hrrr_interpolated,12,2025-11-09T12:00:00Z,-0.5717101097106934,-0.41508805751800537
hrrr_interpolated,12,2025-11-09T18:00:00Z,-1.3392083644866943,-1.5671416521072388
hrrr_interpolated,12,2025-11-10T00:00:00Z,-1.966200590133667,-1.9602997303009033
hrrr_interpolated,12,2025-11-10T06:00:00Z,-0.19133520126342773,-1.0187104940414429
hrrr_interpolated,12,2025-11-10T12:00:00Z,-1.6726515293121338,-1.0118474960327148
hrrr_interpolated,12,2025-11-10T18:00:00Z,-1.3449928760528564,-1.4137790203094482
hrrr_interpolated,12,2025-11-11T00:00:00Z,-1.6827566623687744,-1.6035155057907104
hrrr_interpolated,12,2025-11-11T06:00:00Z,-0.22405141592025757,0.2905616760253906
hrrr_interpolated,12,2025-11-11T12:00:00Z,-1.0051661729812622,-1.5234050750732422
hrrr_interpolated,12,2025-11-11T18:00:00Z,-1.8589177131652832,-1.4598612785339355
hrrr_interpolated,12,2025-11-12T00:00:00Z,-1.5982657670974731,-1.5582802295684814
hrrr_interpolated,12,2025-11-12T06:00:00Z,-0.3414422273635864,1.2399394512176514
hrrr_interpolated,12,2025-11-12T12:00:00Z,-0.660415768623352,-1.1930427551269531
hrrr_interpolated,12,2025-11-12T18:00:00Z,-1.6191246509552002,-1.4073997735977173
hrrr_interpolated,12,2025-11-13T00:00:00Z,-1.716256856918335,-1.2313694953918457
hrrr_interpolated,12,2025-11-13T06:00:00Z,-0.24849101901054382,1.3920762538909912
hrrr_interpolated,12,2025-11-13T12:00:00Z,-0.6033880710601807,-1.487322211265564
hrrr_interpolated,12,2025-11-13T18:00:00Z,-1.8623011112213135,0.208767831325531
hrrr_interpolated,12,2025-11-14T00:00:00Z,-0.8893244862556458,-1.4714645147323608
hrrr_interpolated,12,2025-11-14T06:00:00Z,-0.4659826159477234,1.263733148574829
hrrr_interpolated,12,2025-11-14T12:00:00Z,-0.5641741156578064,-1.1652284860610962
hrrr_interpolated,12,2025-11-14T18:00:00Z,-1.7437715530395508,-1.962869644165039
hrrr_interpolated,12,2025-11-15T00:00:00Z,-2.1134796142578125,-2.297895908355713
hrrr_interpolated,12,2025-11-15T06:00:00Z,-0.20193687081336975,1.2002637386322021
hrrr_interpolated,12,2025-11-15T12:00:00Z,-0.8208781480789185,2.0353360176086426
hrrr_interpolated,12,2025-11-15T18:00:00Z,-0.16689574718475342,-1.748230218887329
hrrr_interpolated,12,2025-11-16T00:00:00Z,-1.913257360458374,-1.6509535312652588
hrrr_interpolated,12,2025-11-16T06:00:00Z,-0.06929934024810791,-1.3206536769866943
hrrr_interpolated,12,2025-11-16T12:00:00Z,-1.8583626747131348,-1.179538369178772
hrrr_interpolated,12,2025-11-16T18:00:00Z,-1.478302240371704,-1.35600745677948
hrrr_interpolated,12,2025-11-17T00:00:00Z,-1.6813092231750488,-2.387432336807251
hrrr_interpolated,12,2025-11-17T06:00:00Z,-0.34803682565689087,-2.0693552494049072
hrrr_interpolated,12,2025-11-17T12:00:00Z,-2.1068618297576904,1.1582372188568115
hrrr_interpolated,12,2025-11-17T18:00:00Z,-0.5253767967224121,-0.6370123028755188
hrrr_interpolated,12,2025-11-18T00:00:00Z,-1.3574187755584717,-3.286468505859375
hrrr_interpolated,12,2025-11-18T06:00:00Z,-0.19105717539787292,-1.2647191286087036
hrrr_interpolated,12,2025-11-18T12:00:00Z,-1.834280252456665,-1.7917544841766357
hrrr_interpolated,12,2025-11-18T18:00:00Z,-1.9845244884490967,-2.1617276668548584
hrrr_interpolated,12,2025-11-19T00:00:00Z,-2.056530714035034,-3.087350606918335
hrrr_interpolated,12,2025-11-19T06:00:00Z,-0.40782803297042847,-0.8786607980728149
hrrr_interpolated,12,2025-11-19T12:00:00Z,-1.7362513542175293,-1.0831965208053589
hrrr_interpolated,12,2025-11-19T18:00:00Z,-1.2073469161987305,-1.1967709064483643
hrrr_interpolated,12,2025-11-20T00:00:00Z,-1.6155158281326294,-1.867048740386963
hrrr_interpolated,12,2025-11-20T06:00:00Z,-0.2682640850543976,-0.8501284122467041
hrrr_interpolated,12,2025-11-20T12:00:00Z,-1.541752576828003,-3.3131988048553467
hrrr_interpolated,12,2025-11-20T18:00:00Z,-3.320979356765747,-2.233480930328369
hrrr_interpolated,12,2025-11-21T00:00:00Z,-1.1876583099365234,-1.0446358919143677
hrrr_interpolated,12,2025-11-21T06:00:00Z,-0.8654096722602844,0.4628472924232483
hrrr_interpolated,12,2025-11-21T12:00:00Z,-0.7503542900085449,-0.7209187150001526
hrrr_interpolated,12,2025-11-21T18:00:00Z,-1.1365211009979248,-1.5266821384429932
hrrr_interpolated,12,2025-11-22T00:00:00Z,-2.004974365234375,-1.9978973865509033
hrrr_interpolated,12,2025-11-22T06:00:00Z,-0.18655788898468018,0.8718339800834656
hrrr_interpolated,12,2025-11-22T12:00:00Z,-0.8446828126907349,-1.9881377220153809
hrrr_interpolated,12,2025-11-22T18:00:00Z,-2.340909481048584,-2.1969752311706543
hrrr_interpolated,12,2025-11-23T00:00:00Z,-1.9622695446014404,-0.8372399210929871
hrrr_interpolated,12,2025-11-23T06:00:00Z,-0.34843772649765015,-2.593083381652832
hrrr_interpolated,12,2025-11-23T12:00:00Z,-2.3599376678466797,-1.311339259147644
hrrr_interpolated,12,2025-11-23T18:00:00Z,-1.1423261165618896,-0.7716197967529297
hrrr_interpolated,12,2025-11-24T00:00:00Z,-1.510141372680664,-1.525763750076294
hrrr_interpolated,12,2025-11-24T06:00:00Z,-0.22256839275360107,0.3991813063621521
hrrr_interpolated,12,2025-11-24T12:00:00Z,-0.8485946655273438,-2.051055431365967
hrrr_interpolated,12,2025-11-24T18:00:00Z,-2.4261062145233154,-2.2774813175201416
hrrr_interpolated,12,2025-11-25T00:00:00Z,-2.050145387649536,-1.8166780471801758
hrrr_interpolated,12,2025-11-25T06:00:00Z,-0.367353230714798,-0.9461958408355713
hrrr_interpolated,12,2025-11-25T12:00:00Z,-1.691572666168213,0.6569084525108337
hrrr_interpolated,12,2025-11-25T18:00:00Z,-0.4991968870162964,0.0002982616424560547
hrrr_interpolated,12,2025-11-26T00:00:00Z,-1.0349867343902588,-0.41806089878082275
hrrr_interpolated,12,2025-11-26T06:00:00Z,-0.20499545335769653,0.2912672758102417
hrrr_interpolated,12,2025-11-26T12:00:00Z,-0.9765706062316895,-1.6033103466033936
hrrr_interpolated,12,2025-11-26T18:00:00Z,-2.152254104614258,-1.5902212858200073
hrrr_interpolated,12,2025-11-27T00:00:00Z,-1.7468910217285156,0.39513057470321655
hrrr_interpolated,12,2025-11-27T06:00:00Z,-0.3569703996181488,1.1302330493927002
hrrr_interpolated,12,2025-11-27T12:00:00Z,-0.5300102829933167,0.148145854473114
hrrr_interpolated,12,2025-11-27T18:00:00Z,-0.6759027242660522,-3.570749282836914
hrrr_interpolated,12,2025-11-28T00:00:00Z,-3.4286069869995117,-3.323167085647583
hrrr_interpolated,12,2025-11-28T06:00:00Z,-0.07327383756637573,-2.8201491832733154
hrrr_interpolated,12,2025-11-28T12:00:00Z,-2.7342498302459717,-1.3222100734710693
hrrr_interpolated,12,2025-11-28T18:00:00Z,-1.0339525938034058,0.609578549861908
hrrr_interpolated,12,2025-11-29T00:00:00Z,-1.1372694969177246,1.627720832824707
hrrr_interpolated,12,2025-11-29T06:00:00Z,-0.08932721614837646,-0.1445256769657135
hrrr_interpolated,12,2025-11-29T12:00:00Z,-0.8714852929115295,-0.46579763293266296
hrrr_interpolated,12,2025-11-29T18:00:00Z,-1.4314358234405518,0.4661938548088074
hrrr_interpolated,12,2025-11-30T00:00:00Z,-1.0911542177200317,0.4332055449485779
hrrr_interpolated,12,2025-11-30T06:00:00Z,-0.2894604504108429,0.14932894706726074
hrrr_interpolated,12,2025-11-30T12:00:00Z,-0.8732964992523193,-1.150497317314148
hrrr_interpolated,12,2025-11-30T18:00:00Z,-1.8327767848968506,-3.695392608642578
hrrr_interpolated,12,2025-12-01T00:00:00Z,-3.40519380569458,-1.1719807386398315
hrrr_interpolated,12,2025-12-01T06:00:00Z,-0.1671752631664276,0.49695783853530884
hrrr_interpolated,12,2025-12-01T12:00:00Z,-1.3010618686676025,0.6103541254997253
hrrr_interpolated,12,2025-12-01T18:00:00Z,-0.20720776915550232,0.015328705310821533
hrrr_interpolated,12,2025-12-02T00:00:00Z,-0.8920779228210449,-1.3885928392410278
hrrr_interpolated,12,2025-12-02T06:00:00Z,-0.3804115355014801,1.0342473983764648
hrrr_interpolated,12,2025-12-02T12:00:00Z,-0.7414608597755432,1.160064697265625
hrrr_interpolated,12,2025-12-02T18:00:00Z,-0.683283805847168,0.8872010111808777
hrrr_interpolated,12,2025-12-03T00:00:00Z,-0.7412542104721069,-1.875945806503296
hrrr_interpolated,12,2025-12-03T06:00:00Z,-0.4607252776622772,-4.268112659454346
hrrr_interpolated,12,2025-12-03T12:00:00Z,-3.1180665493011475,-2.0611836910247803
hrrr_interpolated,12,2025-12-03T18:00:00Z,-1.8083879947662354,-0.615151047706604
hrrr_interpolated,12,2025-12-04T00:00:00Z,-1.4990427494049072,-0.8538434505462646
hrrr_interpolated,12,2025-12-04T06:00:00Z,-0.4770220220088959,-0.06335467100143433
hrrr_interpolated,12,2025-12-04T12:00:00Z,-0.8818091154098511,0.7586478590965271
hrrr_interpolated,12,2025-12-04T18:00:00Z,-0.5645042061805725,-0.17571446299552917
hrrr_interpolated,12,2025-12-05T00:00:00Z,-1.2143311500549316,-2.106022834777832
hrrr_interpolated,12,2025-12-05T06:00:00Z,-0.36910831928253174,-1.0275956392288208
hrrr_interpolated,12,2025-12-05T12:00:00Z,-1.7387521266937256,-4.190268039703369
hrrr_interpolated,12,2025-12-05T18:00:00Z,-3.838887929916382,-2.3869853019714355
hrrr_interpolated,12,2025-12-06T00:00:00Z,-1.1272056102752686,-2.421168327331543
hrrr_interpolated,12,2025-12-06T06:00:00Z,-1.0789165496826172,-0.03462255001068115
hrrr_interpolated,12,2025-12-06T12:00:00Z,-1.0295404195785522,-1.0513230562210083
hrrr_interpolated,12,2025-12-06T18:00:00Z,-1.2038204669952393,-0.682089626789093
hrrr_interpolated,12,2025-12-07T00:00:00Z,-1.3215508460998535,-2.4093174934387207
hrrr_interpolated,12,2025-12-07T06:00:00Z,-0.3734131157398224,0.9135832190513611
hrrr_interpolated,12,2025-12-07T12:00:00Z,-0.700349748134613,-0.6254475116729736
hrrr_interpolated,12,2025-12-07T18:00:00Z,-1.4216246604919434,-5.289909362792969
hrrr_interpolated,12,2025-12-08T00:00:00Z,-4.056893348693848,-1.4856497049331665
hrrr_interpolated,12,2025-12-08T06:00:00Z,-0.19974005222320557,-1.0251071453094482
hrrr_interpolated,12,2025-12-08T12:00:00Z,-2.11274790763855,0.5392130017280579
hrrr_interpolated,12,2025-12-08T18:00:00Z,-0.3118515908718109,-0.5373175740242004
hrrr_interpolated,12,2025-12-09T00:00:00Z,-1.2760100364685059,-4.094403266906738
hrrr_interpolated,12,2025-12-09T06:00:00Z,-0.37991347908973694,0.7436700463294983
hrrr_interpolated,12,2025-12-09T12:00:00Z,-0.8913941383361816,-1.4114875793457031
hrrr_interpolated,12,2025-12-09T18:00:00Z,-2.086542844772339,-2.6158158779144287
hrrr_interpolated,12,2025-12-10T00:00:00Z,-2.7295548915863037,0.1988123059272766
hrrr_interpolated,12,2025-12-10T06:00:00Z,-0.21949905157089233,0.15646952390670776
hrrr_interpolated,12,2025-12-10T12:00:00Z,-1.0928544998168945,-2.0300283432006836
hrrr_interpolated,12,2025-12-10T18:00:00Z,-2.1260573863983154,-1.4266765117645264
hrrr_interpolated,12,2025-12-11T00:00:00Z,-1.556209683418274,-4.184433937072754
hrrr_interpolated,12,2025-12-11T06:00:00Z,-0.5030384063720703,-0.16217964887619019
hrrr_interpolated,12,2025-12-11T12:00:00Z,-1.2165446281433105,-2.9216504096984863
hrrr_interpolated,12,2025-12-11T18:00:00Z,-3.2406880855560303,0.6128935217857361
hrrr_interpolated,12,2025-12-12T00:00:00Z,-0.3902609944343567,-1.429500937461853
hrrr_interpolated,12,2025-12-12T06:00:00Z,-0.8184418082237244,0.06860578060150146
hrrr_interpolated,12,2025-12-12T12:00:00Z,-0.6458383798599243,-2.3129823207855225
hrrr_interpolated,12,2025-12-12T18:00:00Z,-2.716857671737671,-2.6839041709899902
hrrr_interpolated,12,2025-12-13T00:00:00Z,-2.407496213912964,-2.0650455951690674
hrrr_interpolated,12,2025-12-13T06:00:00Z,-0.3773968517780304,-0.8395554423332214
hrrr_interpolated,12,2025-12-13T12:00:00Z,-1.7585899829864502,-2.418750047683716
hrrr_interpolated,12,2025-12-13T18:00:00Z,-2.258192300796509,-2.631516218185425
hrrr_interpolated,12,2025-12-14T00:00:00Z,-2.325590133666992,-2.678182601928711
hrrr_interpolated,12,2025-12-14T06:00:00Z,-0.2810453474521637,-1.3255441188812256
hrrr_interpolated,12,2025-12-14T12:00:00Z,-2.0283613204956055,-0.08439671993255615
hrrr_interpolated,12,2025-12-14T18:00:00Z,-0.5411338806152344,-0.3834094703197479
hrrr_interpolated,12,2025-12-15T00:00:00Z,-1.3210115432739258,-0.20649689435958862
hrrr_interpolated,12,2025-12-15T06:00:00Z,-0.11446398496627808,0.06958520412445068
hrrr_interpolated,12,2025-12-15T12:00:00Z,-0.924557626247406,-1.428247094154358
hrrr_interpolated,12,2025-12-15T18:00:00Z,-2.081878423690796,-0.7246346473693848
hrrr_interpolated,12,2025-12-16T00:00:00Z,-1.4098455905914307,-1.6603937149047852
hrrr_interpolated,12,2025-12-16T06:00:00Z,-0.4401668906211853,1.1250536441802979
hrrr_interpolated,12,2025-12-16T12:00:00Z,-0.3833591938018799,-2.1138367652893066
hrrr_interpolated,12,2025-12-16T18:00:00Z,-2.5170929431915283,-2.3316562175750732
hrrr_interpolated,12,2025-12-17T00:00:00Z,-2.2952497005462646,-3.9241833686828613
hrrr_interpolated,12,2025-12-17T06:00:00Z,-0.3435724973678589,1.1906921863555908
hrrr_interpolated,12,2025-12-17T12:00:00Z,-0.8520015478134155,-3.448215961456299
hrrr_interpolated,12,2025-12-17T18:00:00Z,-3.5365123748779297,-1.6090357303619385
hrrr_interpolated,12,2025-12-18T00:00:00Z,-0.7916836142539978,-0.6735316514968872
hrrr_interpolated,12,2025-12-18T06:00:00Z,-0.8128401041030884,4.528079986572266
hrrr_interpolated,12,2025-12-18T12:00:00Z,0.5550057291984558,-0.10043442249298096
hrrr_interpolated,12,2025-12-18T18:00:00Z,-0.24210411310195923,-0.1325938105583191
hrrr_interpolated,12,2025-12-19T00:00:00Z,-1.4331947565078735,0.4449736475944519
hrrr_interpolated,12,2025-12-19T06:00:00Z,-0.2904863953590393,0.8212761282920837
hrrr_interpolated,12,2025-12-19T12:00:00Z,-0.5502709150314331,1.7204780578613281
hrrr_interpolated,12,2025-12-19T18:00:00Z,-0.35075950622558594,-0.820429801940918
hrrr_interpolated,12,2025-12-20T00:00:00Z,-1.7975857257843018,-1.724022626876831
hrrr_interpolated,12,2025-12-20T06:00:00Z,-0.32761162519454956,-0.23348599672317505
hrrr_interpolated,12,2025-12-20T12:00:00Z,-1.1847485303878784,-3.2083656787872314
hrrr_interpolated,12,2025-12-20T18:00:00Z,-3.595036506652832,-3.0353903770446777
hrrr_interpolated,12,2025-12-21T00:00:00Z,-1.9275181293487549,-0.9838844537734985
hrrr_interpolated,12,2025-12-21T06:00:00Z,-0.7119755744934082,1.7540984153747559
hrrr_interpolated,12,2025-12-21T12:00:00Z,-0.49585849046707153,0.13907712697982788
hrrr_interpolated,12,2025-12-21T18:00:00Z,-0.14038991928100586,-1.0160605907440186
hrrr_interpolated,12,2025-12-22T00:00:00Z,-1.7189266681671143,-1.0709148645401
hrrr_interpolated,12,2025-12-22T06:00:00Z,-0.2402195930480957,-0.6318565011024475
hrrr_interpolated,12,2025-12-22T12:00:00Z,-1.4297428131103516,-1.607844352722168
hrrr_interpolated,12,2025-12-22T18:00:00Z,-2.13491153717041,0.4304491877555847
hrrr_interpolated,12,2025-12-23T00:00:00Z,-0.7902790307998657,0.2747827172279358
hrrr_interpolated,12,2025-12-23T06:00:00Z,-0.35094889998435974,1.6088197231292725
hrrr_interpolated,12,2025-12-23T12:00:00Z,0.09349691867828369,-0.5588618516921997
hrrr_interpolated,12,2025-12-23T18:00:00Z,-1.216189980506897,-1.6963670253753662
hrrr_interpolated,12,2025-12-24T00:00:00Z,-2.6942198276519775,-1.3048574924468994
hrrr_interpolated,12,2025-12-24T06:00:00Z,-0.10846829414367676,-2.5344228744506836
hrrr_interpolated,12,2025-12-24T12:00:00Z,-2.5074548721313477,0.23457074165344238
hrrr_interpolated,12,2025-12-24T18:00:00Z,-0.5772221088409424,-0.2379177212715149
hrrr_interpolated,12,2025-12-25T00:00:00Z,-1.4477567672729492,-0.477196604013443
hrrr_interpolated,12,2025-12-25T06:00:00Z,0.13968271017074585,-1.53175687789917
hrrr_interpolated,12,2025-12-25T12:00:00Z,-1.6967535018920898,-2.8095338344573975
hrrr_interpolated,12,2025-12-25T18:00:00Z,-3.245270252227783,-0.9521472454071045
hrrr_interpolated,12,2025-12-26T00:00:00Z,-0.8919833898544312,-0.38148176670074463
hrrr_interpolated,12,2025-12-26T06:00:00Z,-0.7535564303398132,1.1568989753723145
hrrr_interpolated,12,2025-12-26T12:00:00Z,-0.01729142665863037,2.8260226249694824
hrrr_interpolated,12,2025-12-26T18:00:00Z,0.3661573529243469,-0.05950617790222168
hrrr_interpolated,12,2025-12-27T00:00:00Z,-0.9487714767456055,-2.009368658065796
hrrr_interpolated,12,2025-12-27T06:00:00Z,-0.7740002870559692,-0.1669931709766388
hrrr_interpolated,12,2025-12-27T12:00:00Z,-1.2587305307388306,0.35543113946914673
hrrr_interpolated,12,2025-12-27T18:00:00Z,-0.942306637763977,-1.6148462295532227
hrrr_interpolated,12,2025-12-28T00:00:00Z,-2.440260410308838,0.32825130224227905
hrrr_interpolated,12,2025-12-28T06:00:00Z,0.0725756287574768,0.6954459547996521
hrrr_interpolated,12,2025-12-28T12:00:00Z,-0.46821027994155884,0.3126682639122009
hrrr_interpolated,12,2025-12-28T18:00:00Z,-0.5141494274139404,-0.9479893445968628
hrrr_interpolated,12,2025-12-29T00:00:00Z,-2.0684733390808105,-1.839409351348877
hrrr_interpolated,12,2025-12-29T06:00:00Z,-0.19228273630142212,0.9810907244682312
hrrr_interpolated,12,2025-12-29T12:00:00Z,-0.4172092080116272,-1.9584639072418213
hrrr_interpolated,12,2025-12-29T18:00:00Z,-2.6084914207458496,-3.223383903503418
hrrr_interpolated,12,2025-12-30T00:00:00Z,-3.1023051738739014,-3.5546345710754395
hrrr_interpolated,12,2025-12-30T06:00:00Z,-0.3042273223400116,-0.7476333975791931
hrrr_interpolated,12,2025-12-30T12:00:00Z,-2.015575408935547,-1.5263313055038452
hrrr_interpolated,12,2025-12-30T18:00:00Z,-1.2221033573150635,-0.369632750749588
hrrr_interpolated,12,2025-12-31T00:00:00Z,-1.1779824495315552,-0.1404784917831421
hrrr_interpolated,12,2025-12-31T06:00:00Z,-0.05504906177520752,-0.026593029499053955
hrrr_interpolated,6,2025-11-07T18:00:00Z,-0.6875370144844055,-1.2216545343399048
hrrr_interpolated,6,2025-11-08T00:00:00Z,-2.168419122695923,-1.7426539659500122
hrrr_interpolated,6,2025-11-08T06:00:00Z,-1.845512866973877,0.4473838806152344
hrrr_interpolated,6,2025-11-08T12:00:00Z,0.3879660367965698,0.17078566551208496
hrrr_interpolated,6,2025-11-08T18:00:00Z,-0.7304511070251465,-0.967433512210846
hrrr_interpolated,6,2025-11-09T00:00:00Z,-1.8896747827529907,-0.9442381262779236
hrrr_interpolated,6,2025-11-09T06:00:00Z,-1.46247398853302,1.037514567375183
hrrr_interpolated,6,2025-11-09T12:00:00Z,0.5152496099472046,1.5806798934936523
hrrr_interpolated,6,2025-11-09T18:00:00Z,-0.43024539947509766,-1.2978363037109375
hrrr_interpolated,6,2025-11-10T00:00:00Z,-1.884108304977417,-1.4481704235076904
hrrr_interpolated,6,2025-11-10T06:00:00Z,-1.4711451530456543,-2.0181310176849365
hrrr_interpolated,6,2025-11-10T12:00:00Z,0.532367467880249,-0.4502290189266205
hrrr_interpolated,6,2025-11-10T18:00:00Z,-0.7489210367202759,-1.779187560081482
hrrr_interpolated,6,2025-11-11T00:00:00Z,-2.3031158447265625,-1.4242537021636963
hrrr_interpolated,6,2025-11-11T06:00:00Z,-1.7780171632766724,-1.1115409135818481
hrrr_interpolated,6,2025-11-11T12:00:00Z,0.397394061088562,0.8226883411407471
hrrr_interpolated,6,2025-11-11T18:00:00Z,-0.7110722064971924,-1.2408643960952759
hrrr_interpolated,6,2025-11-12T00:00:00Z,-2.1475472450256348,-0.7209095358848572
hrrr_interpolated,6,2025-11-12T06:00:00Z,-1.5138661861419678,-1.5565526485443115
hrrr_interpolated,6,2025-11-12T12:00:00Z,0.4533489942550659,0.6275498867034912
hrrr_interpolated,6,2025-11-12T18:00:00Z,-0.5838279128074646,-1.2946064472198486
hrrr_interpolated,6,2025-11-13T00:00:00Z,-2.1021389961242676,-2.206134557723999
hrrr_interpolated,6,2025-11-13T06:00:00Z,-1.8789044618606567,-1.5498900413513184
hrrr_interpolated,6,2025-11-13T12:00:00Z,0.4970691204071045,1.5072822570800781
hrrr_interpolated,6,2025-11-13T18:00:00Z,-0.6138075590133667,-1.7178881168365479
hrrr_interpolated,6,2025-11-14T00:00:00Z,-2.313889980316162,-0.01535862684249878
hrrr_interpolated,6,2025-11-14T06:00:00Z,-1.3518037796020508,-1.7433720827102661
hrrr_interpolated,6,2025-11-14T12:00:00Z,0.3947097063064575,1.1297123432159424
hrrr_interpolated,6,2025-11-14T18:00:00Z,-0.4436076879501343,-0.9173611402511597
hrrr_interpolated,6,2025-11-15T00:00:00Z,-1.9578497409820557,-2.2682406902313232
hrrr_interpolated,6,2025-11-15T06:00:00Z,-1.8759901523590088,-0.34967008233070374
hrrr_interpolated,6,2025-11-15T12:00:00Z,0.5323266983032227,1.5436913967132568
hrrr_interpolated,6,2025-11-15T18:00:00Z,-0.5443810820579529,1.5332098007202148
hrrr_interpolated,6,2025-11-16T00:00:00Z,-1.2233315706253052,-0.9236679077148438
hrrr_interpolated,6,2025-11-16T06:00:00Z,-1.4179730415344238,-1.4682260751724243
hrrr_interpolated,6,2025-11-16T12:00:00Z,0.565788745880127,-1.0360361337661743
hrrr_interpolated,6,2025-11-16T18:00:00Z,-0.6993813514709473,-0.44614505767822266
hrrr_interpolated,6,2025-11-17T00:00:00Z,-1.7740209102630615,-1.9142274856567383
hrrr_interpolated,6,2025-11-17T06:00:00Z,-1.8283790349960327,-0.0015919804573059082
hrrr_interpolated,6,2025-11-17T12:00:00Z,0.564541220664978,-1.3820788860321045
hrrr_interpolated,6,2025-11-17T18:00:00Z,-1.0486198663711548,1.0335524082183838
hrrr_interpolated,6,2025-11-18T00:00:00Z,-1.3616869449615479,-2.5637261867523193
hrrr_interpolated,6,2025-11-18T06:00:00Z,-1.9304307699203491,-3.3927910327911377
hrrr_interpolated,6,2025-11-18T12:00:00Z,0.38496828079223633,-0.04779207706451416
hrrr_interpolated,6,2025-11-18T18:00:00Z,-0.8418124914169312,-0.914507269859314
hrrr_interpolated,6,2025-11-19T00:00:00Z,-2.3094475269317627,-1.3297224044799805
hrrr_interpolated,6,2025-11-19T06:00:00Z,-1.9362515211105347,-2.7313594818115234
hrrr_interpolated,6,2025-11-19T12:00:00Z,0.2153645157814026,-0.8766082525253296
hrrr_interpolated,6,2025-11-19T18:00:00Z,-1.0451850891113281,-2.0377893447875977
hrrr_interpolated,6,2025-11-20T00:00:00Z,-2.6156044006347656,0.19598817825317383
hrrr_interpolated,6,2025-11-20T06:00:00Z,-1.6069819927215576,2.0451812744140625
hrrr_interpolated,6,2025-11-20T12:00:00Z,0.3044785261154175,-1.1859201192855835
hrrr_interpolated,6,2025-11-20T18:00:00Z,-0.9269007444381714,-2.5697193145751953
hrrr_interpolated,6,2025-11-21T00:00:00Z,-2.2528915405273438,-1.2249666452407837
hrrr_interpolated,6,2025-11-21T06:00:00Z,-1.464991807937622,-0.6402137279510498
hrrr_interpolated,6,2025-11-21T12:00:00Z,0.398632287979126,1.505964756011963
hrrr_interpolated,6,2025-11-21T18:00:00Z,-0.5406602025032043,-0.37549906969070435
hrrr_interpolated,6,2025-11-22T00:00:00Z,-1.7750545740127563,-0.05218476057052612
hrrr_interpolated,6,2025-11-22T06:00:00Z,-1.2781715393066406,-1.9830787181854248
hrrr_interpolated,6,2025-11-22T12:00:00Z,0.37379366159439087,0.13498389720916748
hrrr_interpolated,6,2025-11-22T18:00:00Z,-0.5100235342979431,-2.9344544410705566
hrrr_interpolated,6,2025-11-23T00:00:00Z,-2.538667678833008,0.1331794261932373
hrrr_interpolated,6,2025-11-23T06:00:00Z,-1.3228880167007446,-0.22951406240463257
hrrr_interpolated,6,2025-11-23T12:00:00Z,0.37436026334762573,-0.9167550802230835
hrrr_interpolated,6,2025-11-23T18:00:00Z,-0.8297854661941528,-2.2412421703338623
hrrr_interpolated,6,2025-11-24T00:00:00Z,-2.288860321044922,-1.008503794670105
hrrr_interpolated,6,2025-11-24T06:00:00Z,-1.5039687156677246,-0.48417502641677856
hrrr_interpolated,6,2025-11-24T12:00:00Z,0.4601196050643921,0.21095490455627441
hrrr_interpolated,6,2025-11-24T18:00:00Z,-0.731396496295929,-2.224365234375
hrrr_interpolated,6,2025-11-25T00:00:00Z,-2.3608222007751465,-1.4213865995407104
hrrr_interpolated,6,2025-11-25T06:00:00Z,-1.6024352312088013,-1.245192527770996
hrrr_interpolated,6,2025-11-25T12:00:00Z,0.4902299642562866,0.6932231187820435
hrrr_interpolated,6,2025-11-25T18:00:00Z,-0.6689242124557495,0.4596155881881714
hrrr_interpolated,6,2025-11-26T00:00:00Z,-1.5732520818710327,0.1502363085746765
hrrr_interpolated,6,2025-11-26T06:00:00Z,-1.2007912397384644,0.6362347602844238
hrrr_interpolated,6,2025-11-26T12:00:00Z,0.5319113731384277,-1.1876494884490967
hrrr_interpolated,6,2025-11-26T18:00:00Z,-0.788286566734314,-2.104971408843994
hrrr_interpolated,6,2025-11-27T00:00:00Z,-2.063389301300049,-1.375421404838562
hrrr_interpolated,6,2025-11-27T06:00:00Z,-1.4293056726455688,0.47839200496673584
hrrr_interpolated,6,2025-11-27T12:00:00Z,0.5581109523773193,1.75870680809021
hrrr_interpolated,6,2025-11-27T18:00:00Z,-0.43503785133361816,-0.7407140135765076
hrrr_interpolated,6,2025-11-28T00:00:00Z,-1.7633509635925293,-2.0135016441345215
hrrr_interpolated,6,2025-11-28T06:00:00Z,-1.6517053842544556,-2.946427822113037
hrrr_interpolated,6,2025-11-28T12:00:00Z,0.5178587436676025,-0.5994266867637634
hrrr_interpolated,6,2025-11-28T18:00:00Z,-0.824474036693573,-1.5986510515213013
hrrr_interpolated,6,2025-11-29T00:00:00Z,-2.374215602874756,0.02792733907699585
hrrr_interpolated,6,2025-11-29T06:00:00Z,-1.4284007549285889,1.470320701599121
hrrr_interpolated,6,2025-11-29T12:00:00Z,0.4681609869003296,0.7142939567565918
hrrr_interpolated,6,2025-11-29T18:00:00Z,-0.5766185522079468,-2.189058542251587
hrrr_interpolated,6,2025-11-30T00:00:00Z,-2.1194276809692383,-0.25561147928237915
hrrr_interpolated,6,2025-11-30T06:00:00Z,-1.0341405868530273,0.498357892036438
hrrr_interpolated,6,2025-11-30T12:00:00Z,0.5548217296600342,-0.32740092277526855
hrrr_interpolated,6,2025-11-30T18:00:00Z,-0.6815077662467957,-2.2792818546295166
hrrr_interpolated,6,2025-12-01T00:00:00Z,-2.133852005004883,-3.399256706237793
hrrr_interpolated,6,2025-12-01T06:00:00Z,-1.9800611734390259,0.27472907304763794
hrrr_interpolated,6,2025-12-01T12:00:00Z,0.6564900875091553,0.7522945404052734
hrrr_interpolated,6,2025-12-01T18:00:00Z,-0.7892994284629822,-0.10708487033843994
hrrr_interpolated,6,2025-12-02T00:00:00Z,-1.6440365314483643,0.020566582679748535
hrrr_interpolated,6,2025-12-02T06:00:00Z,-1.126235008239746,-1.2024943828582764
hrrr_interpolated,6,2025-12-02T12:00:00Z,0.4415130615234375,0.9163370132446289
hrrr_interpolated,6,2025-12-02T18:00:00Z,-0.3443893492221832,-0.8829031586647034
hrrr_interpolated,6,2025-12-03T00:00:00Z,-1.798174262046814,1.455273151397705
hrrr_interpolated,6,2025-12-03T06:00:00Z,-0.7265810370445251,-2.783162832260132
hrrr_interpolated,6,2025-12-03T12:00:00Z,-0.0019397139549255371,-3.3271031379699707
hrrr_interpolated,6,2025-12-03T18:00:00Z,-0.8343949317932129,-1.3903206586837769
hrrr_interpolated,6,2025-12-04T00:00:00Z,-2.023623466491699,-0.9477633833885193
hrrr_interpolated,6,2025-12-04T06:00:00Z,-1.728406548500061,-0.7201735973358154
hrrr_interpolated,6,2025-12-04T12:00:00Z,0.2669260501861572,3.09295916557312
hrrr_interpolated,6,2025-12-04T18:00:00Z,-0.24864304065704346,0.44928979873657227
hrrr_interpolated,6,2025-12-05T00:00:00Z,-1.5089783668518066,0.40969014167785645
hrrr_interpolated,6,2025-12-05T06:00:00Z,-1.003350019454956,-2.661956310272217
hrrr_interpolated,6,2025-12-05T12:00:00Z,0.29196393489837646,-0.5161643624305725
hrrr_interpolated,6,2025-12-05T18:00:00Z,-0.4347922205924988,-3.327362537384033
hrrr_interpolated,6,2025-12-06T00:00:00Z,-2.643493890762329,-1.2345260381698608
hrrr_interpolated,6,2025-12-06T06:00:00Z,-1.6174774169921875,-0.5219854712486267
hrrr_interpolated,6,2025-12-06T12:00:00Z,0.39864838123321533,0.20546019077301025
hrrr_interpolated,6,2025-12-06T18:00:00Z,-0.8131354451179504,-1.0779013633728027
hrrr_interpolated,6,2025-12-07T00:00:00Z,-2.0062098503112793,-0.9922822117805481
hrrr_interpolated,6,2025-12-07T06:00:00Z,-1.4619466066360474,-1.9761241674423218
hrrr_interpolated,6,2025-12-07T12:00:00Z,0.40747106075286865,0.29835212230682373
hrrr_interpolated,6,2025-12-07T18:00:00Z,-0.6300570368766785,-2.542877674102783
hrrr_interpolated,6,2025-12-08T00:00:00Z,-2.5429625511169434,-4.993796348571777
hrrr_interpolated,6,2025-12-08T06:00:00Z,-2.6655032634735107,-0.6829673051834106
hrrr_interpolated,6,2025-12-08T12:00:00Z,0.39668750762939453,-0.5290185213088989
hrrr_interpolated,6,2025-12-08T18:00:00Z,-1.3854045867919922,-2.538322925567627
hrrr_interpolated,6,2025-12-09T00:00:00Z,-2.8406574726104736,-1.8580331802368164
hrrr_interpolated,6,2025-12-09T06:00:00Z,-2.0113930702209473,-3.3327975273132324
hrrr_interpolated,6,2025-12-09T12:00:00Z,-0.022196471691131592,0.29140400886535645
hrrr_interpolated,6,2025-12-09T18:00:00Z,-1.0473912954330444,-1.3599923849105835
hrrr_interpolated,6,2025-12-10T00:00:00Z,-2.6272292137145996,-1.4428455829620361
hrrr_interpolated,6,2025-12-10T06:00:00Z,-2.0961055755615234,0.08818972110748291
hrrr_interpolated,6,2025-12-10T12:00:00Z,0.35628175735473633,0.41573238372802734
hrrr_interpolated,6,2025-12-10T18:00:00Z,-0.8208503723144531,-1.1764695644378662
hrrr_interpolated,6,2025-12-11T00:00:00Z,-2.043426990509033,-1.409955620765686
hrrr_interpolated,6,2025-12-11T06:00:00Z,-1.6329319477081299,-0.1799871027469635
hrrr_interpolated,6,2025-12-11T12:00:00Z,0.5338042974472046,1.5222892761230469
hrrr_interpolated,6,2025-12-11T18:00:00Z,-0.4538765549659729,-0.3708377182483673
hrrr_interpolated,6,2025-12-12T00:00:00Z,-1.6483756303787231,0.1052093505859375
hrrr_interpolated,6,2025-12-12T06:00:00Z,-1.0877302885055542,-0.8242846131324768
hrrr_interpolated,6,2025-12-12T12:00:00Z,0.4285757541656494,1.0317093133926392
hrrr_interpolated,6,2025-12-12T18:00:00Z,-0.31658533215522766,-2.742788791656494
hrrr_interpolated,6,2025-12-13T00:00:00Z,-2.33998703956604,-2.135990858078003
hrrr_interpolated,6,2025-12-13T06:00:00Z,-1.7132186889648438,-1.7257239818572998
hrrr_interpolated,6,2025-12-13T12:00:00Z,0.45972561836242676,0.3565778136253357
hrrr_interpolated,6,2025-12-13T18:00:00Z,-0.7772266864776611,-0.8658678531646729
hrrr_interpolated,6,2025-12-14T00:00:00Z,-2.0107507705688477,-1.9823198318481445
hrrr_interpolated,6,2025-12-14T06:00:00Z,-1.863669753074646,-0.18703168630599976
hrrr_interpolated,6,2025-12-14T12:00:00Z,0.5750693082809448,-0.5007854104042053
hrrr_interpolated,6,2025-12-14T18:00:00Z,-0.9249434471130371,-0.9011009335517883
hrrr_interpolated,6,2025-12-15T00:00:00Z,-1.8123011589050293,-1.5664089918136597
hrrr_interpolated,6,2025-12-15T06:00:00Z,-1.5869574546813965,-0.24313539266586304
hrrr_interpolated,6,2025-12-15T12:00:00Z,0.5374159812927246,0.7283581495285034
hrrr_interpolated,6,2025-12-15T18:00:00Z,-0.59181147813797,-3.1874077320098877
hrrr_interpolated,6,2025-12-16T00:00:00Z,-2.539505958557129,-0.8503812551498413
hrrr_interpolated,6,2025-12-16T06:00:00Z,-1.2772579193115234,-3.0261240005493164
hrrr_interpolated,6,2025-12-16T12:00:00Z,0.162306010723114,1.0345700979232788
hrrr_interpolated,6,2025-12-16T18:00:00Z,-0.4564763009548187,-2.5086097717285156
hrrr_interpolated,6,2025-12-17T00:00:00Z,-2.6213784217834473,-1.1974546909332275
hrrr_interpolated,6,2025-12-17T06:00:00Z,-1.6875534057617188,-2.9055278301239014
hrrr_interpolated,6,2025-12-17T12:00:00Z,0.2182791829109192,2.0627667903900146
hrrr_interpolated,6,2025-12-17T18:00:00Z,-0.3983567953109741,-3.3250114917755127
hrrr_interpolated,6,2025-12-18T00:00:00Z,-2.9215216636657715,2.10638689994812
hrrr_interpolated,6,2025-12-18T06:00:00Z,-0.7884870767593384,-1.2396600246429443
hrrr_interpolated,6,2025-12-18T12:00:00Z,0.140333890914917,4.389717102050781
hrrr_interpolated,6,2025-12-18T18:00:00Z,0.2176235318183899,0.05125164985656738
hrrr_interpolated,6,2025-12-19T00:00:00Z,-1.45113205909729,0.3892190456390381
hrrr_interpolated,6,2025-12-19T06:00:00Z,-0.9129465818405151,0.8213834762573242
hrrr_interpolated,6,2025-12-19T12:00:00Z,0.514555811882019,0.7510933876037598
hrrr_interpolated,6,2025-12-19T18:00:00Z,-0.35383445024490356,0.7160124778747559
hrrr_interpolated,6,2025-12-20T00:00:00Z,-0.9887850284576416,-1.2944540977478027
hrrr_interpolated,6,2025-12-20T06:00:00Z,-1.3331975936889648,-2.812260866165161
hrrr_interpolated,6,2025-12-20T12:00:00Z,0.24738967418670654,0.2995074391365051
hrrr_interpolated,6,2025-12-20T18:00:00Z,-0.4251982569694519,-2.9184153079986572
hrrr_interpolated,6,2025-12-21T00:00:00Z,-2.5829877853393555,-3.2792868614196777
hrrr_interpolated,6,2025-12-21T06:00:00Z,-2.252894878387451,-0.45317238569259644
hrrr_interpolated,6,2025-12-21T12:00:00Z,0.4741861820220947,2.1531107425689697
hrrr_interpolated,6,2025-12-21T18:00:00Z,-0.5519288778305054,-0.6104126572608948
hrrr_interpolated,6,2025-12-22T00:00:00Z,-1.827060580253601,-1.6938905715942383
hrrr_interpolated,6,2025-12-22T06:00:00Z,-1.6367772817611694,0.6591523885726929
hrrr_interpolated,6,2025-12-22T12:00:00Z,0.6733084917068481,0.47315680980682373
hrrr_interpolated,6,2025-12-22T18:00:00Z,-0.6015270948410034,-1.7948189973831177
hrrr_interpolated,6,2025-12-23T00:00:00Z,-1.910738229751587,0.9288136959075928
hrrr_interpolated,6,2025-12-23T06:00:00Z,-0.6808293461799622,-0.1451183557510376
hrrr_interpolated,6,2025-12-23T12:00:00Z,0.2574525475502014,0.03234457969665527
hrrr_interpolated,6,2025-12-23T18:00:00Z,-0.46285566687583923,-0.853391706943512
hrrr_interpolated,6,2025-12-24T00:00:00Z,-1.537663459777832,-1.8368675708770752
hrrr_interpolated,6,2025-12-24T06:00:00Z,-1.5694822072982788,-0.39682549238204956
hrrr_interpolated,6,2025-12-24T12:00:00Z,0.49475395679473877,-0.38241490721702576
hrrr_interpolated,6,2025-12-24T18:00:00Z,-0.7847185134887695,0.4657900333404541
hrrr_interpolated,6,2025-12-25T00:00:00Z,-1.2036700248718262,-0.48460853099823
hrrr_interpolated,6,2025-12-25T06:00:00Z,-1.203627347946167,-0.5093802213668823
hrrr_interpolated,6,2025-12-25T12:00:00Z,0.3583447337150574,-1.0987578630447388
hrrr_interpolated,6,2025-12-25T18:00:00Z,-0.7896402478218079,-1.1915370225906372
hrrr_interpolated,6,2025-12-26T00:00:00Z,-1.7230268716812134,-0.2082621455192566
hrrr_interpolated,6,2025-12-26T06:00:00Z,-1.1195284128189087,-0.1467565894126892
hrrr_interpolated,6,2025-12-26T12:00:00Z,0.2968345284461975,-0.17180678248405457
hrrr_interpolated,6,2025-12-26T18:00:00Z,-0.6318886280059814,3.1179308891296387
hrrr_interpolated,6,2025-12-27T00:00:00Z,-0.36187997460365295,-0.8763701915740967
hrrr_interpolated,6,2025-12-27T06:00:00Z,-1.2712730169296265,-6.4579033851623535
hrrr_interpolated,6,2025-12-27T12:00:00Z,-0.6953831315040588,0.9713225364685059
hrrr_interpolated,6,2025-12-27T18:00:00Z,0.06507784128189087,-1.4875506162643433
hrrr_interpolated,6,2025-12-28T00:00:00Z,-2.359185218811035,-0.6833411455154419
hrrr_interpolated,6,2025-12-28T06:00:00Z,-1.6911962032318115,-0.21017956733703613
hrrr_interpolated,6,2025-12-28T12:00:00Z,0.4369734525680542,-0.061744093894958496
hrrr_interpolated,6,2025-12-28T18:00:00Z,-0.7248563766479492,-0.030730128288269043
hrrr_interpolated,6,2025-12-29T00:00:00Z,-1.3927173614501953,-0.7023884057998657
hrrr_interpolated,6,2025-12-29T06:00:00Z,-1.251248836517334,-2.3823094367980957
hrrr_interpolated,6,2025-12-29T12:00:00Z,0.20922231674194336,1.3696136474609375
hrrr_interpolated,6,2025-12-29T18:00:00Z,-0.24880298972129822,-3.317780017852783
hrrr_interpolated,6,2025-12-30T00:00:00Z,-2.666163206100464,-2.537811756134033
hrrr_interpolated,6,2025-12-30T06:00:00Z,-1.947068214416504,-3.415778636932373
hrrr_interpolated,6,2025-12-30T12:00:00Z,0.18010246753692627,-0.7527323365211487
hrrr_interpolated,6,2025-12-30T18:00:00Z,-1.1576697826385498,-1.8876228332519531
hrrr_interpolated,6,2025-12-31T00:00:00Z,-2.6807360649108887,-0.4794771075248718
hrrr_interpolated,6,2025-12-31T06:00:00Z,-1.7035133838653564,-1.083999752998352
hrrr_interpolated,6,2025-12-31T12:00:00Z,0.18448585271835327,0.10631102323532104
linear_regression,12,2025-11-07T00:00:00Z,1.442844033241272,0.3367708921432495
linear_regression,12,2025-11-07T06:00:00Z,0.5441505312919617,0.4307822287082672
linear_regression,12,2025-11-07T12:00:00Z,0.2803703248500824,0.9107418060302734
linear_regression,12,2025-11-07T18:00:00Z,1.207718014717102,0.024641003459692
linear_regression,12,2025-11-08T00:00:00Z,1.1388237476348877,0.07229269295930862
linear_regression,12,2025-11-08T06:00:00Z,0.6140437126159668,0.8879926204681396
linear_regression,12,2025-11-08T12:00:00Z,0.21723522245883942,2.1601052284240723
linear_regression,12,2025-11-08T18:00:00Z,1.1246649026870728,2.192443370819092
linear_regression,12,2025-11-09T00:00:00Z,1.4478124380111694,1.1943899393081665
linear_regression,12,2025-11-09T06:00:00Z,0.5335792899131775,2.332261562347412
linear_regression,12,2025-11-09T12:00:00Z,0.3986490070819855,0.7922683358192444
linear_regression,12,2025-11-09T18:00:00Z,1.1667490005493164,0.9402675032615662
linear_regression,12,2025-11-10T00:00:00Z,1.4826595783233643,0.6126066446304321
linear_regression,12,2025-11-10T06:00:00Z,0.5541393160820007,1.4430053234100342
linear_regression,12,2025-11-10T12:00:00Z,0.32754069566726685,0.8413647413253784
linear_regression,12,2025-11-10T18:00:00Z,1.168017029762268,1.8668413162231445
linear_regression,12,2025-11-11T00:00:00Z,1.5124156475067139,2.4835898876190186
linear_regression,12,2025-11-11T06:00:00Z,0.592989981174469,0.762679934501648
linear_regression,12,2025-11-11T12:00:00Z,0.1759456843137741,-0.7402636408805847
linear_regression,12,2025-11-11T18:00:00Z,1.0527348518371582,0.10629186034202576
linear_regression,12,2025-11-12T00:00:00Z,1.1014655828475952,-1.1407846212387085
linear_regression,12,2025-11-12T06:00:00Z,0.48663654923439026,-1.379079818725586
linear_regression,12,2025-11-12T12:00:00Z,-0.4039837718009949,0.1731988489627838
linear_regression,12,2025-11-12T18:00:00Z,0.060914188623428345,0.517659068107605
linear_regression,12,2025-11-13T00:00:00Z,0.5781395435333252,0.41460782289505005
linear_regression,12,2025-11-13T06:00:00Z,1.166113257408142,2.8156938552856445
linear_regression,12,2025-11-13T12:00:00Z,0.39603158831596375,0.5222210884094238
linear_regression,12,2025-11-13T18:00:00Z,0.7299386262893677,1.1741924285888672
linear_regression,12,2025-11-14T00:00:00Z,1.4961838722229004,0.7604873180389404
linear_regression,12,2025-11-14T06:00:00Z,0.7081831693649292,0.1048291027545929
linear_regression,12,2025-11-14T12:00:00Z,0.12099870294332504,0.8118681311607361
linear_regression,12,2025-11-14T18:00:00Z,1.1599770784378052,2.0641543865203857
linear_regression,12,2025-11-15T00:00:00Z,1.4937583208084106,1.8202706575393677
linear_regression,12,2025-11-15T06:00:00Z,0.5622365474700928,2.262819528579712
linear_regression,12,2025-11-15T12:00:00Z,0.3129519820213318,2.849184989929199
linear_regression,12,2025-11-15T18:00:00Z,1.2551239728927612,-0.4045528173446655
linear_regression,12,2025-11-16T00:00:00Z,1.1661407947540283,0.6399325132369995
linear_regression,12,2025-11-16T06:00:00Z,0.6785425543785095,0.5123986601829529
linear_regression,12,2025-11-16T12:00:00Z,0.2874163091182709,1.3506534099578857
linear_regression,12,2025-11-16T18:00:00Z,1.2491124868392944,2.3579838275909424
linear_regression,12,2025-11-17T00:00:00Z,1.5138691663742065,0.4635680019855499
linear_regression,12,2025-11-17T06:00:00Z,0.3888374865055084,0.1377086490392685
linear_regression,12,2025-11-17T12:00:00Z,0.29444074630737305,1.6446808576583862
linear_regression,12,2025-11-17T18:00:00Z,1.3422974348068237,0.1102069765329361
linear_regression,12,2025-11-18T00:00:00Z,1.1337919235229492,-1.4162794351577759
linear_regression,12,2025-11-18T06:00:00Z,0.1707005649805069,0.03242897242307663
linear_regression,12,2025-11-18T12:00:00Z,0.15516826510429382,0.3573084771633148
linear_regression,12,2025-11-18T18:00:00Z,0.5881295204162598,2.470844268798828
linear_regression,12,2025-11-19T00:00:00Z,1.3457385301589966,1.6820988655090332
linear_regression,12,2025-11-19T06:00:00Z,0.7682137489318848,0.02113323286175728
linear_regression,12,2025-11-19T12:00:00Z,0.11493638157844543,0.06917117536067963
linear_regression,12,2025-11-19T18:00:00Z,1.050372838973999,3.3700194358825684
linear_regression,12,2025-11-20T00:00:00Z,1.5622479915618896,3.6742632389068604
linear_regression,12,2025-11-20T06:00:00Z,0.6022653579711914,0.6436753273010254
linear_regression,12,2025-11-20T12:00:00Z,0.12712275981903076,0.5381736755371094
linear_regression,12,2025-11-20T18:00:00Z,1.3766998052597046,0.36898839473724365
linear_regression,12,2025-11-21T00:00:00Z,1.2989144325256348,0.4875775873661041
linear_regression,12,2025-11-21T06:00:00Z,0.5365312099456787,1.4006831645965576
linear_regression,12,2025-11-21T12:00:00Z,0.3145846426486969,1.3066247701644897
linear_regression,12,2025-11-21T18:00:00Z,1.1578971147537231,-0.10827647894620895
linear_regression,12,2025-11-22T00:00:00Z,1.135083556175232,0.3393719494342804
linear_regression,12,2025-11-22T06:00:00Z,0.6450026035308838,0.99010169506073
linear_regression,12,2025-11-22T12:00:00Z,0.2830253541469574,0.33431488275527954
linear_regression,12,2025-11-22T18:00:00Z,0.9390212297439575,1.3729045391082764
linear_regression,12,2025-11-23T00:00:00Z,1.4374306201934814,-0.45598670840263367
linear_regression,12,2025-11-23T06:00:00Z,0.4198344945907593,-2.007023811340332
linear_regression,12,2025-11-23T12:00:00Z,-0.5237893462181091,-0.537320077419281
linear_regression,12,2025-11-23T18:00:00Z,-0.4899912178516388,1.2469146251678467
linear_regression,12,2025-11-24T00:00:00Z,0.3617936968803406,2.178643226623535
linear_regression,12,2025-11-24T06:00:00Z,1.2012791633605957,0.4607400894165039
linear_regression,12,2025-11-24T12:00:00Z,0.3471481204032898,-0.06627054512500763
linear_regression,12,2025-11-24T18:00:00Z,0.706265926361084,1.4289634227752686
linear_regression,12,2025-11-25T00:00:00Z,1.4136815071105957,-0.05995004624128342
linear_regression,12,2025-11-25T06:00:00Z,0.6064559817314148,-0.5887390375137329
linear_regression,12,2025-11-25T12:00:00Z,-0.052248816937208176,0.8723994493484497
linear_regression,12,2025-11-25T18:00:00Z,0.8666085600852966,1.4534218311309814
linear_regression,12,2025-11-26T00:00:00Z,1.3132950067520142,1.3122483491897583
linear_regression,12,2025-11-26T06:00:00Z,0.7188286781311035,1.1683344841003418
linear_regression,12,2025-11-26T12:00:00Z,0.26999056339263916,0.41931846737861633
linear_regression,12,2025-11-26T18:00:00Z,1.0729390382766724,0.2587262690067291
linear_regression,12,2025-11-27T00:00:00Z,1.2088104486465454,1.1902456283569336
linear_regression,12,2025-11-27T06:00:00Z,0.7718629837036133,1.558269739151001
linear_regression,12,2025-11-27T12:00:00Z,0.29159751534461975,1.5127536058425903
linear_regression,12,2025-11-27T18:00:00Z,1.1616849899291992,1.1533766984939575
linear_regression,12,2025-11-28T00:00:00Z,1.48275887966156,0.9648568034172058
linear_regression,12,2025-11-28T06:00:00Z,0.5678185820579529,0.04996269568800926
linear_regression,12,2025-11-28T12:00:00Z,0.17893359065055847,1.6610615253448486
linear_regression,12,2025-11-28T18:00:00Z,1.3596625328063965,2.4478065967559814
linear_regression,12,2025-11-29T00:00:00Z,1.536622166633606,2.4709856510162354
linear_regression,12,2025-11-29T06:00:00Z,0.5143907070159912,-0.1508297622203827
linear_regression,12,2025-11-29T12:00:00Z,0.09142202138900757,0.5026120543479919
linear_regression,12,2025-11-29T18:00:00Z,1.3577748537063599,0.6546801328659058
linear_regression,12,2025-11-30T00:00:00Z,1.2551186084747314,1.3988138437271118
linear_regression,12,2025-11-30T06:00:00Z,0.6034243702888489,-0.4738771319389343
linear_regression,12,2025-11-30T12:00:00Z,-0.030779536813497543,-0.19532044231891632
linear_regression,12,2025-11-30T18:00:00Z,0.7067874670028687,-1.0986566543579102
linear_regression,12,2025-12-01T00:00:00Z,-0.4306754171848297,0.6954909563064575
linear_regression,12,2025-12-01T06:00:00Z,1.0403467416763306,1.0610151290893555
linear_regression,12,2025-12-01T12:00:00Z,0.37496909499168396,0.08594902604818344
linear_regression,12,2025-12-01T18:00:00Z,0.3796238303184509,0.7063871026039124
linear_regression,12,2025-12-02T00:00:00Z,0.9923760890960693,0.549848735332489
linear_regression,12,2025-12-02T06:00:00Z,0.9831663370132446,1.7086988687515259
linear_regression,12,2025-12-02T12:00:00Z,0.3682712912559509,-1.0335561037063599
linear_regression,12,2025-12-02T18:00:00Z,0.2528829574584961,1.9350829124450684
linear_regression,12,2025-12-03T00:00:00Z,1.2592685222625732,0.976154625415802
linear_regression,12,2025-12-03T06:00:00Z,0.8733395338058472,-1.4921183586120605
linear_regression,12,2025-12-03T12:00:00Z,-0.3354382812976837,-0.2512333393096924
linear_regression,12,2025-12-03T18:00:00Z,-0.05726398900151253,0.39368927478790283
linear_regression,12,2025-12-04T00:00:00Z,0.16943717002868652,-0.2386436015367508
linear_regression,12,2025-12-04T06:00:00Z,1.099776268005371,2.4228670597076416
linear_regression,12,2025-12-04T12:00:00Z,0.6034449338912964,0.8885031342506409
linear_regression,12,2025-12-04T18:00:00Z,0.7235824465751648,2.090470314025879
linear_regression,12,2025-12-05T00:00:00Z,1.5859875679016113,0.03513062745332718
linear_regression,12,2025-12-05T06:00:00Z,0.4681518077850342,-0.5917782783508301
linear_regression,12,2025-12-05T12:00:00Z,0.013121510855853558,-1.770985722541809
linear_regression,12,2025-12-05T18:00:00Z,-0.7214608192443848,-1.8485498428344727
linear_regression,12,2025-12-06T00:00:00Z,-1.0619391202926636,-1.1992229223251343
linear_regression,12,2025-12-06T06:00:00Z,1.1003941297531128,0.29531562328338623
linear_regression,12,2025-12-06T12:00:00Z,0.12497744709253311,-2.240633726119995
linear_regression,12,2025-12-06T18:00:00Z,-1.1707652807235718,-2.011658191680908
linear_regression,12,2025-12-07T00:00:00Z,-1.0480191707611084,-1.6542296409606934
linear_regression,12,2025-12-07T06:00:00Z,0.5881238579750061,-0.5724694132804871
linear_regression,12,2025-12-07T12:00:00Z,-0.3943140208721161,-0.7353475689888
linear_regression,12,2025-12-07T18:00:00Z,-0.6174893975257874,0.7381852865219116
linear_regression,12,2025-12-08T00:00:00Z,0.09943385422229767,1.1051220893859863
linear_regression,12,2025-12-08T06:00:00Z,1.3129963874816895,-1.1567981243133545
linear_regression,12,2025-12-08T12:00:00Z,-0.362945020198822,-0.39465510845184326
linear_regression,12,2025-12-08T18:00:00Z,-0.5740708708763123,2.1669838428497314
linear_regression,12,2025-12-09T00:00:00Z,0.628456711769104,1.4022839069366455
linear_regression,12,2025-12-09T06:00:00Z,1.1896053552627563,0.022830341011285782
linear_regression,12,2025-12-09T12:00:00Z,0.1945818066596985,1.6073449850082397
linear_regression,12,2025-12-09T18:00:00Z,1.1169004440307617,0.6436258554458618
linear_regression,12,2025-12-10T00:00:00Z,1.2261605262756348,0.6748265027999878
linear_regression,12,2025-12-10T06:00:00Z,0.6244603991508484,0.45778903365135193
linear_regression,12,2025-12-10T12:00:00Z,0.20053617656230927,0.08003159612417221
linear_regression,12,2025-12-10T18:00:00Z,0.7651771903038025,-0.23852135241031647
linear_regression,12,2025-12-11T00:00:00Z,0.30523812770843506,-0.352967232465744
linear_regression,12,2025-12-11T06:00:00Z,0.8807119727134705,0.6485967636108398
linear_regression,12,2025-12-11T12:00:00Z,0.28468379378318787,-0.6598590612411499
linear_regression,12,2025-12-11T18:00:00Z,-0.14835019409656525,1.7178237438201904
linear_regression,12,2025-12-12T00:00:00Z,0.8077749609947205,0.2692616581916809
linear_regression,12,2025-12-12T06:00:00Z,0.9697319865226746,0.8484504818916321
linear_regression,12,2025-12-12T12:00:00Z,0.36686044931411743,-2.593317747116089
linear_regression,12,2025-12-12T18:00:00Z,-1.020218014717102,-0.9215624332427979
linear_regression,12,2025-12-13T00:00:00Z,-0.9473695755004883,0.701932430267334
linear_regression,12,2025-12-13T06:00:00Z,0.9364732503890991,-0.614584743976593
linear_regression,12,2025-12-13T12:00:00Z,-0.22970463335514069,-0.5669717192649841
linear_regression,12,2025-12-13T18:00:00Z,-0.6417647004127502,0.24888019263744354
linear_regression,12,2025-12-14T00:00:00Z,-0.16556212306022644,0.697332501411438
linear_regression,12,2025-12-14T06:00:00Z,1.1899616718292236,-0.7140721678733826
linear_regression,12,2025-12-14T12:00:00Z,-0.15802934765815735,-0.9677720069885254
linear_regression,12,2025-12-14T18:00:00Z,-0.7686280608177185,0.23021040856838226
linear_regression,12,2025-12-15T00:00:00Z,-0.2731567621231079,2.509580612182617
linear_regression,12,2025-12-15T06:00:00Z,1.1821608543395996,0.4727213680744171
linear_regression,12,2025-12-15T12:00:00Z,0.443718820810318,-1.7396936416625977
linear_regression,12,2025-12-15T18:00:00Z,-0.7781850695610046,-1.3929954767227173
linear_regression,12,2025-12-16T00:00:00Z,-1.0350677967071533,-3.4315621852874756
linear_regression,12,2025-12-16T06:00:00Z,0.08949591219425201,1.7628285884857178
linear_regression,12,2025-12-16T12:00:00Z,0.7827674746513367,0.5032945275306702
linear_regression,12,2025-12-16T18:00:00Z,0.0018471339717507362,-0.38414233922958374
linear_regression,12,2025-12-17T00:00:00Z,-0.3828173577785492,-0.6378933787345886
linear_regression,12,2025-12-17T06:00:00Z,1.3022888898849487,-0.38559478521347046
linear_regression,12,2025-12-17T12:00:00Z,-0.3385014235973358,-4.5140910148620605
linear_regression,12,2025-12-17T18:00:00Z,-1.6592233180999756,-0.679156482219696
linear_regression,12,2025-12-18T00:00:00Z,-1.0426377058029175,-0.49554160237312317
linear_regression,12,2025-12-18T06:00:00Z,0.19849322736263275,-0.8654201626777649
linear_regression,12,2025-12-18T12:00:00Z,-0.48955172300338745,-2.456296443939209
linear_regression,12,2025-12-18T18:00:00Z,-1.453617811203003,-0.5678784847259521
linear_regression,12,2025-12-19T00:00:00Z,-0.6837784051895142,0.30964335799217224
linear_regression,12,2025-12-19T06:00:00Z,0.8032889366149902,1.1719958782196045
linear_regression,12,2025-12-19T12:00:00Z,0.7489842176437378,1.1429307460784912
linear_regression,12,2025-12-19T18:00:00Z,0.5558901429176331,1.723954677581787
linear_regression,12,2025-12-20T00:00:00Z,1.3097118139266968,1.0247257947921753
linear_regression,12,2025-12-20T06:00:00Z,0.9577873945236206,1.3324642181396484
linear_regression,12,2025-12-20T12:00:00Z,0.1281272917985916,-1.1082732677459717
linear_regression,12,2025-12-20T18:00:00Z,0.09567618370056152,-2.852628231048584
linear_regression,12,2025-12-21T00:00:00Z,-1.6852391958236694,1.0249311923980713
linear_regression,12,2025-12-21T06:00:00Z,0.6580315828323364,2.5473530292510986
linear_regression,12,2025-12-21T12:00:00Z,0.742332398891449,0.567436158657074
linear_regression,12,2025-12-21T18:00:00Z,0.12451981753110886,1.3036794662475586
linear_regression,12,2025-12-22T00:00:00Z,1.0297815799713135,2.4510531425476074
linear_regression,12,2025-12-22T06:00:00Z,1.0443183183670044,-0.8620826601982117
linear_regression,12,2025-12-22T12:00:00Z,-0.3575545847415924,-1.6710388660430908
linear_regression,12,2025-12-22T18:00:00Z,-0.8858586549758911,0.4667445719242096
linear_regression,12,2025-12-23T00:00:00Z,-0.555901288986206,1.0448390245437622
linear_regression,12,2025-12-23T06:00:00Z,1.107065200805664,0.5869829654693604
linear_regression,12,2025-12-23T12:00:00Z,0.48569455742836,0.7195299863815308
linear_regression,12,2025-12-23T18:00:00Z,0.5384300351142883,-0.6687577962875366
linear_regression,12,2025-12-24T00:00:00Z,-0.38214439153671265,-0.5839260816574097
linear_regression,12,2025-12-24T06:00:00Z,0.981072187423706,-0.6885014772415161
linear_regression,12,2025-12-24T12:00:00Z,-0.47203683853149414,0.507122814655304
linear_regression,12,2025-12-24T18:00:00Z,-0.28848305344581604,0.43967270851135254
linear_regression,12,2025-12-25T00:00:00Z,0.011651606298983097,-0.1839274913072586
linear_regression,12,2025-12-25T06:00:00Z,0.8344570994377136,0.06523527204990387
linear_regression,12,2025-12-25T12:00:00Z,0.11656079441308975,-0.6343606114387512
linear_regression,12,2025-12-25T18:00:00Z,-0.560413122177124,0.48681876063346863
linear_regression,12,2025-12-26T00:00:00Z,-0.12449578195810318,0.74171382188797
linear_regression,12,2025-12-26T06:00:00Z,1.086212396621704,0.981072723865509
linear_regression,12,2025-12-26T12:00:00Z,0.5561013221740723,3.5187411308288574
linear_regression,12,2025-12-26T18:00:00Z,1.1586929559707642,-0.02821340039372444
linear_regression,12,2025-12-27T00:00:00Z,0.8250498175621033,-2.480048894882202
linear_regression,12,2025-12-27T06:00:00Z,-0.616313099861145,1.18983793258667
linear_regression,12,2025-12-27T12:00:00Z,-0.05853073298931122,-1.805638074874878
linear_regression,12,2025-12-27T18:00:00Z,-1.201959490776062,-3.122995138168335
linear_regression,12,2025-12-28T00:00:00Z,-1.3488510847091675,-1.2128952741622925
linear_regression,12,2025-12-28T06:00:00Z,0.5280346274375916,1.4180545806884766
linear_regression,12,2025-12-28T12:00:00Z,0.9319625496864319,1.3857097625732422
linear_regression,12,2025-12-28T18:00:00Z,0.47006234526634216,1.1832526922225952
linear_regression,12,2025-12-29T00:00:00Z,0.6920160055160522,-0.4063290059566498
linear_regression,12,2025-12-29T06:00:00Z,1.139350414276123,1.7653294801712036
linear_regression,12,2025-12-29T12:00:00Z,0.10692692548036575,0.8001066446304321
linear_regression,12,2025-12-29T18:00:00Z,0.41006985306739807,0.45184221863746643
linear_regression,12,2025-12-30T00:00:00Z,0.6257055997848511,-0.8662735819816589
linear_regression,12,2025-12-30T06:00:00Z,0.34887489676475525,-0.5308681130409241
linear_regression,12,2025-12-30T12:00:00Z,-0.4268398582935333,0.25485309958457947
linear_regression,12,2025-12-30T18:00:00Z,-0.2831386625766754,0.6251010298728943
linear_regression,12,2025-12-31T00:00:00Z,0.14983251690864563,0.5466442704200745
linear_regression,12,2025-12-31T06:00:00Z,1.0397768020629883,0.6084863543510437
linear_regression,6,2025-11-09T12:00:00Z,0.9541346430778503,2.188728094100952
linear_regression,6,2025-11-09T18:00:00Z,0.22956189513206482,0.8035339713096619
linear_regression,6,2025-11-10T00:00:00Z,0.939752459526062,0.8987406492233276
linear_regression,6,2025-11-10T06:00:00Z,1.163961410522461,0.6104735732078552
linear_regression,6,2025-11-10T12:00:00Z,0.7386404871940613,1.211376428604126
linear_regression,6,2025-11-10T18:00:00Z,0.10222958028316498,0.8711183667182922
linear_regression,6,2025-11-11T00:00:00Z,0.8196199536323547,1.5300779342651367
linear_regression,6,2025-11-11T06:00:00Z,1.3980026245117188,2.358978033065796
linear_regression,6,2025-11-11T12:00:00Z,0.9474406242370605,0.6700281500816345
linear_regression,6,2025-11-11T18:00:00Z,0.17770609259605408,-0.8017166256904602
linear_regression,6,2025-11-12T00:00:00Z,0.42497000098228455,0.06147219240665436
linear_regression,6,2025-11-12T06:00:00Z,0.21014373004436493,-1.2672145366668701
linear_regression,6,2025-11-12T12:00:00Z,0.4481663107872009,-0.6910958886146545
linear_regression,6,2025-11-12T18:00:00Z,-0.4223242402076721,0.571528434753418
linear_regression,6,2025-11-13T00:00:00Z,0.3330162763595581,-0.18732492625713348
linear_regression,6,2025-11-13T06:00:00Z,0.17536868155002594,0.4143078327178955
linear_regression,6,2025-11-13T12:00:00Z,1.1691830158233643,2.9852895736694336
linear_regression,6,2025-11-13T18:00:00Z,0.33925962448120117,0.22443564236164093
linear_regression,6,2025-11-14T00:00:00Z,0.3303135335445404,1.34596586227417
linear_regression,6,2025-11-14T06:00:00Z,1.1940710544586182,0.9496166706085205
linear_regression,6,2025-11-14T12:00:00Z,0.7791698575019836,0.628428041934967
linear_regression,6,2025-11-14T18:00:00Z,0.05889498442411423,1.0410349369049072
linear_regression,6,2025-11-15T00:00:00Z,0.8436699509620667,1.8343334197998047
linear_regression,6,2025-11-15T06:00:00Z,1.4695467948913574,1.767995834350586
linear_regression,6,2025-11-15T12:00:00Z,0.8427225947380066,2.195143222808838
linear_regression,6,2025-11-15T18:00:00Z,0.3356948494911194,3.8460118770599365
linear_regression,6,2025-11-16T00:00:00Z,1.6928815841674805,0.43338337540626526
linear_regression,6,2025-11-16T06:00:00Z,0.6556782722473145,0.5130690932273865
linear_regression,6,2025-11-16T12:00:00Z,1.2710182666778564,0.3697851002216339
linear_regression,6,2025-11-16T18:00:00Z,-0.24862930178642273,1.3076725006103516
linear_regression,6,2025-11-17T00:00:00Z,0.7754616737365723,2.456848621368408
linear_regression,6,2025-11-17T06:00:00Z,1.6814405918121338,0.34729287028312683
linear_regression,6,2025-11-17T12:00:00Z,0.5748003721237183,0.06646052747964859
linear_regression,6,2025-11-17T18:00:00Z,0.20006190240383148,1.501849889755249
linear_regression,6,2025-11-18T00:00:00Z,1.140291690826416,0.06924429535865784
linear_regression,6,2025-11-18T06:00:00Z,0.30591320991516113,-1.3284895420074463
linear_regression,6,2025-11-18T12:00:00Z,0.9201090931892395,0.14113058149814606
linear_regression,6,2025-11-18T18:00:00Z,-0.42899155616760254,0.6342630982398987
linear_regression,6,2025-11-19T00:00:00Z,0.4648453891277313,2.393383026123047
linear_regression,6,2025-11-19T06:00:00Z,1.546433448791504,1.5203945636749268
linear_regression,6,2025-11-19T12:00:00Z,0.9303758144378662,-0.010818799026310444
linear_regression,6,2025-11-19T18:00:00Z,0.1333155333995819,0.12586107850074768
linear_regression,6,2025-11-20T00:00:00Z,0.7872483134269714,3.441906452178955
linear_regression,6,2025-11-20T06:00:00Z,2.042318105697632,3.6329329013824463
linear_regression,6,2025-11-20T12:00:00Z,0.8749914169311523,0.3136254847049713
linear_regression,6,2025-11-20T18:00:00Z,0.22364240884780884,0.6783089637756348
linear_regression,6,2025-11-21T00:00:00Z,1.2954058647155762,0.4270632266998291
linear_regression,6,2025-11-21T06:00:00Z,0.4089788496494293,0.2628230154514313
linear_regression,6,2025-11-21T12:00:00Z,0.7040560245513916,1.4354438781738281
linear_regression,6,2025-11-21T18:00:00Z,0.12873327732086182,1.1522958278656006
linear_regression,6,2025-11-22T00:00:00Z,0.6982062458992004,0.20512107014656067
linear_regression,6,2025-11-22T06:00:00Z,0.5612248778343201,0.5009268522262573
linear_regression,6,2025-11-22T12:00:00Z,0.9486173391342163,1.2176518440246582
linear_regression,6,2025-11-22T18:00:00Z,0.07918877899646759,0.46941107511520386
linear_regression,6,2025-11-23T00:00:00Z,0.531653642654419,1.1549789905548096
linear_regression,6,2025-11-23T06:00:00Z,1.0382130146026611,-0.4574490487575531
linear_regression,6,2025-11-23T12:00:00Z,0.5482664704322815,-1.3245935440063477
linear_regression,6,2025-11-23T18:00:00Z,-0.2454807162284851,-0.6054869294166565
linear_regression,6,2025-11-24T00:00:00Z,0.05201609432697296,1.156686544418335
linear_regression,6,2025-11-24T06:00:00Z,0.7018411159515381,2.3051583766937256
linear_regression,6,2025-11-24T12:00:00Z,0.9830054044723511,0.342090904712677
linear_regression,6,2025-11-24T18:00:00Z,0.16257336735725403,0.16194815933704376
linear_regression,6,2025-11-25T00:00:00Z,0.6456458568572998,1.3502798080444336
linear_regression,6,2025-11-25T06:00:00Z,1.0453104972839355,-0.05248546972870827
linear_regression,6,2025-11-25T12:00:00Z,0.5006120204925537,-0.5443958044052124
linear_regression,6,2025-11-25T18:00:00Z,-0.0568782277405262,0.8080762624740601
linear_regression,6,2025-11-26T00:00:00Z,0.6453422904014587,0.9157176613807678
linear_regression,6,2025-11-26T06:00:00Z,0.8069840669631958,1.075746774673462
linear_regression,6,2025-11-26T12:00:00Z,0.8553265333175659,1.1404492855072021
linear_regression,6,2025-11-26T18:00:00Z,0.204935222864151,0.23782825469970703
linear_regression,6,2025-11-27T00:00:00Z,0.5683887600898743,0.28860896825790405
linear_regression,6,2025-11-27T06:00:00Z,0.47591888904571533,1.1848368644714355
linear_regression,6,2025-11-27T12:00:00Z,0.7305486798286438,1.1962904930114746
linear_regression,6,2025-11-27T18:00:00Z,0.22898109257221222,1.4716858863830566
linear_regression,6,2025-11-28T00:00:00Z,0.8797250390052795,1.2182159423828125
linear_regression,6,2025-11-28T06:00:00Z,1.1401100158691406,0.8490584492683411
linear_regression,6,2025-11-28T12:00:00Z,0.8205534219741821,0.020174439996480942
linear_regression,6,2025-11-28T18:00:00Z,0.011725744232535362,1.6996729373931885
linear_regression,6,2025-11-29T00:00:00Z,1.0873453617095947,2.145740032196045
linear_regression,6,2025-11-29T06:00:00Z,1.616199016571045,2.493105411529541
linear_regression,6,2025-11-29T12:00:00Z,0.7692592740058899,-0.19478589296340942
linear_regression,6,2025-11-29T18:00:00Z,0.18640750646591187,0.6913610100746155
linear_regression,6,2025-11-30T00:00:00Z,1.0955758094787598,0.588464617729187
linear_regression,6,2025-11-30T06:00:00Z,0.3999001085758209,1.4959278106689453
linear_regression,6,2025-11-30T12:00:00Z,0.6207654476165771,-0.20913974940776825
linear_regression,6,2025-11-30T18:00:00Z,0.08520900458097458,-0.28034576773643494
linear_regression,6,2025-12-01T00:00:00Z,0.24956247210502625,-1.0866878032684326
linear_regression,6,2025-12-01T06:00:00Z,-0.5787280201911926,0.814723789691925
linear_regression,6,2025-12-01T12:00:00Z,0.6891454458236694,0.9614108204841614
linear_regression,6,2025-12-01T18:00:00Z,0.2044314742088318,-0.1316373497247696
linear_regression,6,2025-12-02T00:00:00Z,0.08095869421958923,0.7097033262252808
linear_regression,6,2025-12-02T06:00:00Z,0.5467309355735779,0.6590906977653503
linear_regression,6,2025-12-02T12:00:00Z,0.7042810916900635,1.554248332977295
linear_regression,6,2025-12-02T18:00:00Z,0.19943314790725708,-1.2203242778778076
linear_regression,6,2025-12-03T00:00:00Z,-0.16324110329151154,2.1402335166931152
linear_regression,6,2025-12-03T06:00:00Z,1.0014991760253906,0.8545843362808228
linear_regression,6,2025-12-03T12:00:00Z,0.7424721121788025,-1.4251060485839844
linear_regression,6,2025-12-03T18:00:00Z,-0.16382300853729248,-0.43094104528427124
linear_regression,6,2025-12-04T00:00:00Z,0.15783974528312683,0.3333684802055359
linear_regression,6,2025-12-04T06:00:00Z,0.15526480972766876,-0.3738670349121094
linear_regression,6,2025-12-04T12:00:00Z,0.4753226339817047,2.637953281402588
linear_regression,6,2025-12-04T18:00:00Z,0.3021908700466156,0.5937198400497437
linear_regression,6,2025-12-05T00:00:00Z,0.5009692311286926,1.47408127784729
linear_regression,6,2025-12-05T06:00:00Z,1.2743370532989502,-0.5280178189277649
linear_regression,6,2025-12-05T12:00:00Z,0.34938523173332214,-0.6892890930175781
linear_regression,6,2025-12-05T18:00:00Z,-0.12175620347261429,-1.5607757568359375
linear_regression,6,2025-12-06T00:00:00Z,-0.471344918012619,-1.5031683444976807
linear_regression,6,2025-12-06T06:00:00Z,-0.7941398024559021,-1.2358803749084473
linear_regression,6,2025-12-06T12:00:00Z,0.32022807002067566,0.7607240676879883
linear_regression,6,2025-12-06T18:00:00Z,-0.30836600065231323,-2.0419347286224365
linear_regression,6,2025-12-07T00:00:00Z,-1.0892577171325684,-1.4478774070739746
linear_regression,6,2025-12-07T06:00:00Z,-0.8938946723937988,-1.5326833724975586
linear_regression,6,2025-12-07T12:00:00Z,0.49514544010162354,-0.2265908569097519
linear_regression,6,2025-12-07T18:00:00Z,-0.8256273865699768,-0.7016627192497253
linear_regression,6,2025-12-08T00:00:00Z,-0.5760226249694824,0.5652363896369934
linear_regression,6,2025-12-08T06:00:00Z,0.05316793546080589,1.340632438659668
linear_regression,6,2025-12-08T12:00:00Z,1.0321712493896484,-0.8209270238876343
linear_regression,6,2025-12-08T18:00:00Z,-0.25899583101272583,-0.17459706962108612
linear_regression,6,2025-12-09T00:00:00Z,0.16576945781707764,1.8810126781463623
linear_regression,6,2025-12-09T06:00:00Z,0.9796889424324036,1.3347117900848389
linear_regression,6,2025-12-09T12:00:00Z,0.7079305648803711,-0.15503442287445068
linear_regression,6,2025-12-09T18:00:00Z,0.118673175573349,1.7565443515777588
linear_regression,6,2025-12-10T00:00:00Z,1.099764108657837,-0.565150797367096
linear_regression,6,2025-12-10T06:00:00Z,-0.3826368749141693,0.5036132335662842
linear_regression,6,2025-12-10T12:00:00Z,0.888325035572052,0.25812697410583496
linear_regression,6,2025-12-10T18:00:00Z,-0.15422466397285461,-0.2810240685939789
linear_regression,6,2025-12-11T00:00:00Z,-0.01423022523522377,-0.40292876958847046
linear_regression,6,2025-12-11T06:00:00Z,-0.2829829454421997,-0.3876442313194275
linear_regression,6,2025-12-11T12:00:00Z,0.5178863406181335,0.2869860529899597
linear_regression,6,2025-12-11T18:00:00Z,-0.18162581324577332,-0.47203466296195984
linear_regression,6,2025-12-12T00:00:00Z,-0.12217503786087036,1.325119972229004
linear_regression,6,2025-12-12T06:00:00Z,0.6975954174995422,1.0318171977996826
linear_regression,6,2025-12-12T12:00:00Z,0.7937711477279663,0.685458779335022
linear_regression,6,2025-12-12T18:00:00Z,0.13284644484519958,-2.648730516433716
linear_regression,6,2025-12-13T00:00:00Z,-0.8166205883026123,-0.6231991648674011
linear_regression,6,2025-12-13T06:00:00Z,-0.5156348943710327,0.5872735381126404
linear_regression,6,2025-12-13T12:00:00Z,0.3549882769584656,-0.8686578273773193
linear_regression,6,2025-12-13T18:00:00Z,-0.4577367305755615,-0.5610079169273376
linear_regression,6,2025-12-14T00:00:00Z,-0.30201560258865356,0.11464288830757141
linear_regression,6,2025-12-14T06:00:00Z,-0.23271866142749786,0.544491171836853
linear_regression,6,2025-12-14T12:00:00Z,0.6149436831474304,-1.0312161445617676
linear_regression,6,2025-12-14T18:00:00Z,-0.3781295418739319,-0.29304343461990356
linear_regression,6,2025-12-15T00:00:00Z,-0.052129484713077545,0.3696668744087219
linear_regression,6,2025-12-15T06:00:00Z,0.06634687632322311,2.1288278102874756
linear_regression,6,2025-12-15T12:00:00Z,0.7812694311141968,0.6708123087882996
linear_regression,6,2025-12-15T18:00:00Z,0.2503899335861206,-1.8749644756317139
linear_regression,6,2025-12-16T00:00:00Z,-0.4826512634754181,-1.7350237369537354
linear_regression,6,2025-12-16T06:00:00Z,-1.1803419589996338,-3.5019423961639404
linear_regression,6,2025-12-16T12:00:00Z,0.055299364030361176,1.5613055229187012
linear_regression,6,2025-12-16T18:00:00Z,-0.784071147441864,0.6343614459037781
linear_regression,6,2025-12-17T00:00:00Z,0.40960490703582764,-0.38746124505996704
linear_regression,6,2025-12-17T06:00:00Z,-0.6029461622238159,-0.3458583652973175
linear_regression,6,2025-12-17T12:00:00Z,1.8186571598052979,-0.643955647945404
linear_regression,6,2025-12-17T18:00:00Z,-0.6922486424446106,-4.266678810119629
linear_regression,6,2025-12-18T00:00:00Z,-1.9105980396270752,-1.8266477584838867
linear_regression,6,2025-12-18T06:00:00Z,-0.8388009667396545,-0.5408405661582947
linear_regression,6,2025-12-18T12:00:00Z,-0.09767802059650421,-0.8398702144622803
linear_regression,6,2025-12-18T18:00:00Z,-1.1689732074737549,-1.997215747833252
linear_regression,6,2025-12-19T00:00:00Z,-1.4378058910369873,-0.08166255801916122
linear_regression,6,2025-12-19T06:00:00Z,-0.5899174213409424,0.8545323610305786
linear_regression,6,2025-12-19T12:00:00Z,0.6345805525779724,1.479825735092163
linear_regression,6,2025-12-19T18:00:00Z,0.11945830285549164,1.0317256450653076
linear_regression,6,2025-12-20T00:00:00Z,0.4232054650783539,1.6749703884124756
linear_regression,6,2025-12-20T06:00:00Z,1.1704823970794678,0.6550150513648987
linear_regression,6,2025-12-20T12:00:00Z,0.5834563374519348,1.1521577835083008
linear_regression,6,2025-12-20T18:00:00Z,0.1326877623796463,-0.18835119903087616
linear_regression,6,2025-12-21T00:00:00Z,0.2987788915634155,-1.384214162826538
linear_regression,6,2025-12-21T06:00:00Z,-1.0629987716674805,1.127307415008545
linear_regression,6,2025-12-21T12:00:00Z,0.570949137210846,2.4213292598724365
linear_regression,6,2025-12-21T18:00:00Z,0.563542902469635,0.2589223086833954
linear_regression,6,2025-12-22T00:00:00Z,0.10435979068279266,1.032240629196167
linear_regression,6,2025-12-22T06:00:00Z,0.6482942700386047,2.3759169578552246
linear_regression,6,2025-12-22T12:00:00Z,0.8111197352409363,-0.9230571985244751
linear_regression,6,2025-12-22T18:00:00Z,-0.05918406695127487,-1.4935050010681152
linear_regression,6,2025-12-23T00:00:00Z,-0.3416551947593689,0.4042142331600189
linear_regression,6,2025-12-23T06:00:00Z,-0.2683917284011841,0.7641860842704773
linear_regression,6,2025-12-23T12:00:00Z,0.39730608463287354,0.21483615040779114
linear_regression,6,2025-12-23T18:00:00Z,0.0683809444308281,0.8470419049263
linear_regression,6,2025-12-24T00:00:00Z,0.5052085518836975,-0.4071635901927948
linear_regression,6,2025-12-24T06:00:00Z,-0.3805480897426605,-0.46430549025535583
linear_regression,6,2025-12-24T12:00:00Z,0.5971517562866211,-0.6448326110839844
linear_regression,6,2025-12-24T18:00:00Z,-0.5471330881118774,0.8291907906532288
linear_regression,6,2025-12-25T00:00:00Z,0.2789870798587799,0.24327024817466736
linear_regression,6,2025-12-25T06:00:00Z,0.057775385677814484,0.24441111087799072
linear_regression,6,2025-12-25T12:00:00Z,0.7242311835289001,-0.7398725152015686
linear_regression,6,2025-12-25T18:00:00Z,-0.3372279703617096,-0.35492458939552307
linear_regression,6,2025-12-26T00:00:00Z,-0.04971294850111008,0.8106597661972046
linear_regression,6,2025-12-26T06:00:00Z,0.2755073606967926,0.8006910085678101
linear_regression,6,2025-12-26T12:00:00Z,0.570210337638855,0.5331865549087524
linear_regression,6,2025-12-26T18:00:00Z,0.12660837173461914,3.441136598587036
linear_regression,6,2025-12-27T00:00:00Z,1.292334794998169,-0.250510573387146
linear_regression,6,2025-12-27T06:00:00Z,-0.21127881109714508,-2.284986734390259
linear_regression,6,2025-12-27T12:00:00Z,0.6894770860671997,0.9094746708869934
linear_regression,6,2025-12-27T18:00:00Z,-0.6789855360984802,-0.7931437492370605
linear_regression,6,2025-12-28T00:00:00Z,-0.27188897132873535,-2.982978582382202
linear_regression,6,2025-12-28T06:00:00Z,-2.306473731994629,-1.5340275764465332
linear_regression,6,2025-12-28T12:00:00Z,0.6573612093925476,0.9172711968421936
linear_regression,6,2025-12-28T18:00:00Z,-0.5142329335212708,1.3268189430236816
linear_regression,6,2025-12-29T00:00:00Z,0.4907318949699402,1.746591329574585
linear_regression,6,2025-12-29T06:00:00Z,1.0464365482330322,-0.10094792395830154
linear_regression,6,2025-12-29T12:00:00Z,0.8612075448036194,1.7786171436309814
linear_regression,6,2025-12-29T18:00:00Z,-0.16197501122951508,0.49508196115493774
linear_regression,6,2025-12-30T00:00:00Z,0.4780803918838501,0.27600565552711487
linear_regression,6,2025-12-30T06:00:00Z,0.10552218556404114,-0.7713328003883362
linear_regression,6,2025-12-30T12:00:00Z,0.32114893198013306,-0.40435606241226196
linear_regression,6,2025-12-30T18:00:00Z,-0.45397210121154785,-0.6102792024612427
linear_regression,6,2025-12-31T00:00:00Z,-0.27168479561805725,0.7263681888580322
linear_regression,6,2025-12-31T06:00:00Z,0.19113364815711975,0.15782414376735687
linear_regression,6,2025-12-31T12:00:00Z,0.44766631722450256,0.9076276421546936
persistence,12,2025-11-08T06:00:00Z,1.8151806592941284,1.7999999523162842
persistence,12,2025-11-08T12:00:00Z,-3.063288927078247,0.20000000298023224
persistence,12,2025-11-08T18:00:00Z,5.961890697479248,4.699999809265137
persistence,12,2025-11-09T00:00:00Z,0.7855614423751831,2.9000000953674316
persistence,12,2025-11-09T06:00:00Z,-2.350775718688965,3.1999998092651367
persistence,12,2025-11-09T12:00:00Z,2.699266195297241,1.600000023841858
persistence,12,2025-11-09T18:00:00Z,1.120049238204956,2.0999999046325684
persistence,12,2025-11-10T00:00:00Z,2.106628894805908,2.0
persistence,12,2025-11-10T06:00:00Z,-4.625633716583252,-0.800000011920929
persistence,12,2025-11-10T12:00:00Z,0.18890134990215302,-0.20000000298023224
persistence,12,2025-11-10T18:00:00Z,1.7962068319320679,1.0
persistence,12,2025-11-11T00:00:00Z,0.17219115793704987,-0.4999999701976776
persistence,12,2025-11-11T06:00:00Z,-4.802135944366455,-6.199999809265137
persistence,12,2025-11-11T12:00:00Z,-3.8351943492889404,-4.800000190734863
persistence,12,2025-11-11T18:00:00Z,2.61240291595459,1.2000000476837158
persistence,12,2025-11-12T00:00:00Z,1.5018243789672852,-0.4999999701976776
persistence,12,2025-11-12T06:00:00Z,-4.300837516784668,-5.0
persistence,12,2025-11-12T12:00:00Z,-1.6847262382507324,-3.200000047683716
persistence,12,2025-11-12T18:00:00Z,3.195812940597534,1.7999999523162842
persistence,12,2025-11-13T00:00:00Z,2.079948902130127,1.899999976158142
persistence,12,2025-11-13T06:00:00Z,-2.2141778469085693,-9.313225746154785e-10
persistence,12,2025-11-13T12:00:00Z,1.0279265642166138,-0.4000000059604645
persistence,12,2025-11-13T18:00:00Z,2.2398996353149414,2.799999952316284
persistence,12,2025-11-14T00:00:00Z,3.174100875854492,2.0999999046325684
persistence,12,2025-11-14T06:00:00Z,-4.044617652893066,-7.199999809265137
persistence,12,2025-11-14T12:00:00Z,-4.816535472869873,-3.0
persistence,12,2025-11-14T18:00:00Z,6.824889183044434,6.699999809265137
persistence,12,2025-11-15T00:00:00Z,3.3641245365142822,2.0999999046325684
persistence,12,2025-11-15T06:00:00Z,-4.935079097747803,-3.0
persistence,12,2025-11-15T12:00:00Z,-0.24616827070713043,-3.3000001907348633
persistence,12,2025-11-15T18:00:00Z,0.8453283905982971,-3.0999999046325684
persistence,12,2025-11-16T00:00:00Z,-0.7200440764427185,2.799999952316284
persistence,12,2025-11-16T06:00:00Z,2.829937696456909,3.6999998092651367
persistence,12,2025-11-16T12:00:00Z,0.33803805708885193,2.299999952316284
persistence,12,2025-11-16T18:00:00Z,5.255779266357422,5.800000190734863
persistence,12,2025-11-17T00:00:00Z,2.8214681148529053,0.800000011920929
persistence,12,2025-11-17T06:00:00Z,-6.296243190765381,-5.800000190734863
persistence,12,2025-11-17T12:00:00Z,-1.8735356330871582,-9.313225746154785e-10
persistence,12,2025-11-17T18:00:00Z,6.0298542976379395,4.0
persistence,12,2025-11-18T00:00:00Z,0.26356008648872375,-1.7000000476837158
persistence,12,2025-11-18T06:00:00Z,-5.431868553161621,-4.699999809265137
persistence,12,2025-11-18T12:00:00Z,-0.3245992958545685,-0.6000000238418579
persistence,12,2025-11-18T18:00:00Z,4.196457862854004,6.199999809265137
persistence,12,2025-11-19T00:00:00Z,4.9285430908203125,3.6999998092651367
persistence,12,2025-11-19T06:00:00Z,-4.916734218597412,-6.099999904632568
persistence,12,2025-11-19T12:00:00Z,-4.144447326660156,-4.699999809265137
persistence,12,2025-11-19T18:00:00Z,3.453855514526367,5.699999809265137
persistence,12,2025-11-20T00:00:00Z,5.525379180908203,4.599999904632568
persistence,12,2025-11-20T06:00:00Z,-4.24923849105835,-6.899999618530273
persistence,12,2025-11-20T12:00:00Z,-5.542391300201416,-5.0
persistence,12,2025-11-20T18:00:00Z,4.897589683532715,1.0
persistence,12,2025-11-21T00:00:00Z,-0.4517802298069,-3.5
persistence,12,2025-11-21T06:00:00Z,-4.1742424964904785,-3.200000047683716
persistence,12,2025-11-21T12:00:00Z,1.9120651483535767,2.5
persistence,12,2025-11-21T18:00:00Z,5.9095139503479,4.400000095367432
persistence,12,2025-11-22T00:00:00Z,1.305481195449829,3.0
persistence,12,2025-11-22T06:00:00Z,-1.2282476425170898,-1.4999998807907104
persistence,12,2025-11-22T12:00:00Z,-2.0576937198638916,-2.299999952316284
persistence,12,2025-11-22T18:00:00Z,3.016838550567627,2.4000000953674316
persistence,12,2025-11-23T00:00:00Z,1.9355357885360718,0.10000000149011612
persistence,12,2025-11-23T06:00:00Z,-4.147401332855225,-6.5
persistence,12,2025-11-23T12:00:00Z,-2.9552245140075684,-2.299999952316284
persistence,12,2025-11-23T18:00:00Z,5.617383003234863,6.5
persistence,12,2025-11-24T00:00:00Z,4.380199432373047,6.5
persistence,12,2025-11-24T06:00:00Z,-0.9584349393844604,-3.9000000953674316
persistence,12,2025-11-24T12:00:00Z,-5.9478654861450195,-6.399999618530273
persistence,12,2025-11-24T18:00:00Z,2.7370123863220215,2.0
persistence,12,2025-11-25T00:00:00Z,2.4139955043792725,-9.313225746154785e-10
persistence,12,2025-11-25T06:00:00Z,-4.147944927215576,-4.5
persistence,12,2025-11-25T12:00:00Z,-0.9381647706031799,-0.4999999701976776
persistence,12,2025-11-25T18:00:00Z,5.138626575469971,2.0
persistence,12,2025-11-26T00:00:00Z,-0.1289629340171814,-1.399999976158142
persistence,12,2025-11-26T06:00:00Z,-3.080639123916626,-1.2999999523162842
persistence,12,2025-11-26T12:00:00Z,1.8827807903289795,4.800000190734863
persistence,12,2025-11-26T18:00:00Z,7.6733222007751465,7.400000095367432
persistence,12,2025-11-27T00:00:00Z,2.241959810256958,3.0
persistence,12,2025-11-27T06:00:00Z,-3.4114065170288086,-0.09999999403953552
persistence,12,2025-11-27T12:00:00Z,0.7369554042816162,0.5
persistence,12,2025-11-27T18:00:00Z,2.347609519958496,2.4000000953674316
persistence,12,2025-11-28T00:00:00Z,1.4657552242279053,0.4000000059604645
persistence,12,2025-11-28T06:00:00Z,-4.610166549682617,-2.9000000953674316
persistence,12,2025-11-28T12:00:00Z,-0.5512638092041016,1.0
persistence,12,2025-11-28T18:00:00Z,4.626009941101074,5.199999809265137
persistence,12,2025-11-29T00:00:00Z,2.3913204669952393,2.6999998092651367
persistence,12,2025-11-29T06:00:00Z,-3.75012469291687,-4.300000190734863
persistence,12,2025-11-29T12:00:00Z,-3.5779659748077393,-4.099999904632568
persistence,12,2025-11-29T18:00:00Z,1.9864678382873535,1.399999976158142
persistence,12,2025-11-30T00:00:00Z,1.4818928241729736,-0.09999999403953552
persistence,12,2025-11-30T06:00:00Z,-3.8772411346435547,-2.8000001907348633
persistence,12,2025-11-30T12:00:00Z,-0.12198437005281448,-1.600000023841858
persistence,12,2025-11-30T18:00:00Z,2.029874801635742,4.5
persistence,12,2025-12-01T00:00:00Z,5.060553073883057,7.5
persistence,12,2025-12-01T06:00:00Z,-0.3380790054798126,1.100000023841858
persistence,12,2025-12-01T12:00:00Z,-1.7841641902923584,-3.5
persistence,12,2025-12-01T18:00:00Z,-0.19487705826759338,-9.313225746154785e-10
persistence,12,2025-12-02T00:00:00Z,1.6860215663909912,-0.4000000059604645
persistence,12,2025-12-02T06:00:00Z,-4.454898357391357,-1.899999976158142
persistence,12,2025-12-02T12:00:00Z,1.345373511314392,0.4000000059604645
persistence,12,2025-12-02T18:00:00Z,2.481239080429077,5.300000190734863
persistence,12,2025-12-03T00:00:00Z,5.040613651275635,0.699999988079071
persistence,12,2025-12-03T06:00:00Z,-7.463977813720703,-8.300000190734863
persistence,12,2025-12-03T12:00:00Z,-3.089707374572754,-2.0999999046325684
persistence,12,2025-12-03T18:00:00Z,5.105489730834961,3.6999998092651367
persistence,12,2025-12-04T00:00:00Z,1.3723175525665283,3.5
persistence,12,2025-12-04T06:00:00Z,-0.6329708695411682,6.0
persistence,12,2025-12-04T12:00:00Z,5.114101886749268,5.5
persistence,12,2025-12-04T18:00:00Z,3.140820026397705,2.799999952316284
persistence,12,2025-12-05T00:00:00Z,0.4560050964355469,-3.0999999046325684
persistence,12,2025-12-05T06:00:00Z,-7.755284309387207,-9.199999809265137
persistence,12,2025-12-05T12:00:00Z,-3.3895885944366455,-5.300000190734863
persistence,12,2025-12-05T18:00:00Z,1.8742623329162598,-0.9000000357627869
persistence,12,2025-12-06T00:00:00Z,0.23599568009376526,-1.7000000476837158
persistence,12,2025-12-06T06:00:00Z,-2.8951094150543213,-1.4999998807907104
persistence,12,2025-12-06T12:00:00Z,1.3991788625717163,-0.09999999403953552
persistence,12,2025-12-06T18:00:00Z,2.524425983428955,2.4000000953674316
persistence,12,2025-12-07T00:00:00Z,2.3902087211608887,1.399999976158142
persistence,12,2025-12-07T06:00:00Z,-3.1124062538146973,-0.9000000357627869
persistence,12,2025-12-07T12:00:00Z,0.9433003664016724,1.899999976158142
persistence,12,2025-12-07T18:00:00Z,4.360320568084717,7.5
persistence,12,2025-12-08T00:00:00Z,5.68292236328125,8.899999618530273
persistence,12,2025-12-08T06:00:00Z,-0.10683025419712067,-4.300000190734863
persistence,12,2025-12-08T12:00:00Z,-8.257636070251465,-6.199999809265137
persistence,12,2025-12-08T18:00:00Z,3.6250531673431396,4.800000190734863
persistence,12,2025-12-09T00:00:00Z,2.984614133834839,0.5
persistence,12,2025-12-09T06:00:00Z,-5.796622276306152,-5.599999904632568
persistence,12,2025-12-09T12:00:00Z,-2.158996343612671,-5.399999618530273
persistence,12,2025-12-09T18:00:00Z,0.11554686725139618,-3.5
persistence,12,2025-12-10T00:00:00Z,-0.4964658319950104,-1.100000023841858
persistence,12,2025-12-10T06:00:00Z,-0.6914739608764648,-0.4999999701976776
persistence,12,2025-12-10T12:00:00Z,0.9278854131698608,1.7000000476837158
persistence,12,2025-12-10T18:00:00Z,5.014486312866211,8.199999809265137
persistence,12,2025-12-11T00:00:00Z,6.418497085571289,7.400000095367432
persistence,12,2025-12-11T06:00:00Z,-2.110905885696411,-1.100000023841858
persistence,12,2025-12-11T12:00:00Z,-2.5528204441070557,-0.9000000357627869
persistence,12,2025-12-11T18:00:00Z,3.7267706394195557,5.5
persistence,12,2025-12-12T00:00:00Z,3.3506970405578613,0.8999999165534973
persistence,12,2025-12-12T06:00:00Z,-6.364856243133545,-10.5
persistence,12,2025-12-12T12:00:00Z,-6.530091285705566,-6.699999809265137
persistence,12,2025-12-12T18:00:00Z,3.6448609828948975,2.4000000953674316
persistence,12,2025-12-13T00:00:00Z,1.9598153829574585,-0.20000000298023224
persistence,12,2025-12-13T06:00:00Z,-3.66445255279541,-0.4999999701976776
persistence,12,2025-12-13T12:00:00Z,2.5571935176849365,4.5
persistence,12,2025-12-13T18:00:00Z,6.00168514251709,6.699999809265137
persistence,12,2025-12-14T00:00:00Z,2.9960930347442627,5.199999809265137
persistence,12,2025-12-14T06:00:00Z,-1.455384373664856,-1.899999976158142
persistence,12,2025-12-14T12:00:00Z,-3.8816237449645996,-1.600000023841858
persistence,12,2025-12-14T18:00:00Z,3.9258310794830322,3.299999952316284
persistence,12,2025-12-15T00:00:00Z,0.527294933795929,-2.5999999046325684
persistence,12,2025-12-15T06:00:00Z,-6.416746139526367,-5.399999618530273
persistence,12,2025-12-15T12:00:00Z,-0.657167375087738,-1.9999998807907104
persistence,12,2025-12-15T18:00:00Z,1.8908214569091797,1.399999976158142
persistence,12,2025-12-16T00:00:00Z,1.6518837213516235,0.30000001192092896
persistence,12,2025-12-16T06:00:00Z,-3.3178069591522217,-2.5999999046325684
persistence,12,2025-12-16T12:00:00Z,-0.37854576110839844,-4.800000190734863
persistence,12,2025-12-16T18:00:00Z,-1.22121000289917,-6.699999809265137
persistence,12,2025-12-17T00:00:00Z,-2.2282004356384277,-4.5
persistence,12,2025-12-17T06:00:00Z,-0.9867821931838989,-1.600000023841858
persistence,12,2025-12-17T12:00:00Z,1.7936015129089355,0.5
persistence,12,2025-12-17T18:00:00Z,3.8428707122802734,3.5999999046325684
persistence,12,2025-12-18T00:00:00Z,3.0631251335144043,1.600000023841858
persistence,12,2025-12-18T06:00:00Z,-2.974742889404297,-5.399999618530273
persistence,12,2025-12-18T12:00:00Z,-3.051933765411377,-6.399999618530273
persistence,12,2025-12-18T18:00:00Z,0.7694056034088135,-3.4000000953674316
persistence,12,2025-12-19T00:00:00Z,-0.16676738858222961,6.0
persistence,12,2025-12-19T06:00:00Z,6.680443286895752,10.5
persistence,12,2025-12-19T12:00:00Z,4.657470226287842,5.900000095367432
persistence,12,2025-12-19T18:00:00Z,4.504194259643555,2.9000000953674316
persistence,12,2025-12-20T00:00:00Z,-0.24646516144275665,-9.313225746154785e-10
persistence,12,2025-12-20T06:00:00Z,-3.4404571056365967,-3.4000000953674316
persistence,12,2025-12-20T12:00:00Z,-2.020904541015625,-8.399999618530273
persistence,12,2025-12-20T18:00:00Z,-3.6388742923736572,-3.5999999046325684
persistence,12,2025-12-21T00:00:00Z,2.662543296813965,9.199999809265137
persistence,12,2025-12-21T06:00:00Z,6.089006423950195,6.900000095367432
persistence,12,2025-12-21T12:00:00Z,-0.1656593531370163,-1.600000023841858
persistence,12,2025-12-21T18:00:00Z,-0.320514440536499,0.8999999165534973
persistence,12,2025-12-22T00:00:00Z,2.3535830974578857,3.0999999046325684
persistence,12,2025-12-22T06:00:00Z,-2.3059287071228027,-7.199999809265137
persistence,12,2025-12-22T12:00:00Z,-6.894224166870117,-9.300000190734863
persistence,12,2025-12-22T18:00:00Z,0.36245304346084595,1.5000001192092896
persistence,12,2025-12-23T00:00:00Z,4.168736934661865,2.0999999046325684
persistence,12,2025-12-23T06:00:00Z,-2.9785172939300537,-1.100000023841858
persistence,12,2025-12-23T12:00:00Z,0.9364302158355713,-2.9000000953674316
persistence,12,2025-12-23T18:00:00Z,-0.6308768391609192,-1.399999976158142
persistence,12,2025-12-24T00:00:00Z,1.6673228740692139,4.099999904632568
persistence,12,2025-12-24T06:00:00Z,1.500379204750061,2.799999952316284
persistence,12,2025-12-24T12:00:00Z,0.7205237746238708,-9.313225746154785e-10
persistence,12,2025-12-24T18:00:00Z,1.9371789693832397,-0.09999999403953552
persistence,12,2025-12-25T00:00:00Z,-0.4661608040332794,-1.100000023841858
persistence,12,2025-12-25T06:00:00Z,-2.516364336013794,1.399999976158142
persistence,12,2025-12-25T12:00:00Z,3.6540040969848633,5.699999809265137
persistence,12,2025-12-25T18:00:00Z,5.885061264038086,6.400000095367432
persistence,12,2025-12-26T00:00:00Z,2.6628007888793945,0.10000000149011612
persistence,12,2025-12-26T06:00:00Z,-6.444136142730713,-3.0
persistence,12,2025-12-26T12:00:00Z,1.1054116487503052,-9.313225746154785e-10
persistence,12,2025-12-26T18:00:00Z,1.3575177192687988,4.5
persistence,12,2025-12-27T00:00:00Z,4.491819381713867,3.299999952316284
persistence,12,2025-12-27T06:00:00Z,-4.38206672668457,-2.4000000953674316
persistence,12,2025-12-27T12:00:00Z,-1.0751067399978638,-2.9000000953674316
persistence,12,2025-12-27T18:00:00Z,-0.19024819135665894,-3.5999999046325684
persistence,12,2025-12-28T00:00:00Z,-2.2701449394226074,-3.5999999046325684
persistence,12,2025-12-28T06:00:00Z,-2.6322879791259766,-2.299999952316284
persistence,12,2025-12-28T12:00:00Z,0.5739469528198242,-2.5
persistence,12,2025-12-28T18:00:00Z,0.5575807690620422,-3.0
persistence,12,2025-12-29T00:00:00Z,-1.0918166637420654,-3.200000047683716
persistence,12,2025-12-29T06:00:00Z,-2.296478271484375,4.699999809265137
persistence,12,2025-12-29T12:00:00Z,8.315315246582031,10.600000381469727
persistence,12,2025-12-29T18:00:00Z,7.684093475341797,5.699999809265137
persistence,12,2025-12-30T00:00:00Z,0.09584087878465652,0.30000001192092896
persistence,12,2025-12-30T06:00:00Z,-3.7277474403381348,-3.5999999046325684
persistence,12,2025-12-30T12:00:00Z,-2.5944323539733887,-2.200000047683716
persistence,12,2025-12-30T18:00:00Z,2.2059926986694336,1.7000000476837158
persistence,12,2025-12-31T00:00:00Z,0.590965986251831,0.8999999165534973
persistence,12,2025-12-31T06:00:00Z,-2.6437292098999023,-1.600000023841858
persistence,6,2025-11-08T12:00:00Z,-3.9527604579925537,-3.5
persistence,6,2025-11-08T18:00:00Z,1.9633082151412964,3.700000047683716
persistence,6,2025-11-09T00:00:00Z,1.8882538080215454,0.9999999403953552
persistence,6,2025-11-09T06:00:00Z,0.43088188767433167,1.899999976158142
persistence,6,2025-11-09T12:00:00Z,-5.074458122253418,1.2999999523162842
persistence,6,2025-11-09T18:00:00Z,1.8726540803909302,0.30000001192092896
persistence,6,2025-11-10T00:00:00Z,1.1829829216003418,1.7999999523162842
persistence,6,2025-11-10T06:00:00Z,0.7721753120422363,0.20000000298023224
persistence,6,2025-11-10T12:00:00Z,-4.907586097717285,-1.0
persistence,6,2025-11-10T18:00:00Z,2.0367376804351807,0.800000011920929
persistence,6,2025-11-11T00:00:00Z,1.3435463905334473,0.20000000298023224
persistence,6,2025-11-11T06:00:00Z,0.9021464586257935,-0.699999988079071
persistence,6,2025-11-11T12:00:00Z,-4.037339210510254,-5.5
persistence,6,2025-11-11T18:00:00Z,2.268051862716675,0.699999988079071
persistence,6,2025-11-12T00:00:00Z,1.4006729125976562,0.5
persistence,6,2025-11-12T06:00:00Z,1.0614904165267944,-1.0
persistence,6,2025-11-12T12:00:00Z,-3.4471898078918457,-4.0
persistence,6,2025-11-12T18:00:00Z,1.983316421508789,0.800000011920929
persistence,6,2025-11-13T00:00:00Z,1.5003409385681152,0.9999999403953552
persistence,6,2025-11-13T06:00:00Z,1.1040160655975342,0.8999999761581421
persistence,6,2025-11-13T12:00:00Z,-3.7646942138671875,-0.8999999761581421
persistence,6,2025-11-13T18:00:00Z,2.1777970790863037,0.5
persistence,6,2025-11-14T00:00:00Z,1.395329236984253,2.299999952316284
persistence,6,2025-11-14T06:00:00Z,1.01920485496521,-0.20000000298023224
persistence,6,2025-11-14T12:00:00Z,-4.284367561340332,-7.0
persistence,6,2025-11-14T18:00:00Z,2.1757524013519287,4.0
persistence,6,2025-11-15T00:00:00Z,1.9318946599960327,2.700000047683716
persistence,6,2025-11-15T06:00:00Z,0.47433918714523315,-0.6000000238418579
persistence,6,2025-11-15T12:00:00Z,-4.624687671661377,-2.4000000953674316
persistence,6,2025-11-15T18:00:00Z,2.1263973712921143,-0.8999999761581421
persistence,6,2025-11-16T00:00:00Z,0.7359216809272766,-2.200000047683716
persistence,6,2025-11-16T06:00:00Z,1.163290023803711,5.0
persistence,6,2025-11-16T12:00:00Z,-1.8739616870880127,-1.2999999523162842
persistence,6,2025-11-16T18:00:00Z,1.3906763792037964,3.5999999046325684
persistence,6,2025-11-17T00:00:00Z,2.068098545074463,2.200000047683716
persistence,6,2025-11-17T06:00:00Z,0.44426435232162476,-1.399999976158142
persistence,6,2025-11-17T12:00:00Z,-4.542256832122803,-4.400000095367432
persistence,6,2025-11-17T18:00:00Z,1.9679242372512817,4.400000095367432
persistence,6,2025-11-18T00:00:00Z,2.056197166442871,-0.4000000059604645
persistence,6,2025-11-18T06:00:00Z,0.8238239288330078,-1.2999999523162842
persistence,6,2025-11-18T12:00:00Z,-3.3762643337249756,-3.4000000953674316
persistence,6,2025-11-18T18:00:00Z,1.6603325605392456,2.799999952316284
persistence,6,2025-11-19T00:00:00Z,1.9540780782699585,3.4000000953674316
persistence,6,2025-11-19T06:00:00Z,0.7633102536201477,0.30000001192092896
persistence,6,2025-11-19T12:00:00Z,-4.745266437530518,-6.400000095367432
persistence,6,2025-11-19T18:00:00Z,2.159879684448242,1.7000000476837158
persistence,6,2025-11-20T00:00:00Z,1.2816150188446045,4.0
persistence,6,2025-11-20T06:00:00Z,0.5946077108383179,0.6000000238418579
persistence,6,2025-11-20T12:00:00Z,-4.887582302093506,-7.5
persistence,6,2025-11-20T18:00:00Z,2.2315478324890137,2.5
persistence,6,2025-11-21T00:00:00Z,1.3756632804870605,-1.5
persistence,6,2025-11-21T06:00:00Z,0.681445837020874,-2.0
persistence,6,2025-11-21T12:00:00Z,-2.404782295227051,-1.2000000476837158
persistence,6,2025-11-21T18:00:00Z,1.6440045833587646,3.700000047683716
persistence,6,2025-11-22T00:00:00Z,2.3533530235290527,0.699999988079071
persistence,6,2025-11-22T06:00:00Z,0.8767264485359192,2.299999952316284
persistence,6,2025-11-22T12:00:00Z,-3.9525651931762695,-3.799999952316284
persistence,6,2025-11-22T18:00:00Z,1.8335472345352173,1.5
persistence,6,2025-11-23T00:00:00Z,1.2723124027252197,0.8999999761581421
persistence,6,2025-11-23T06:00:00Z,0.6747665405273438,-0.800000011920929
persistence,6,2025-11-23T12:00:00Z,-3.5785813331604004,-5.699999809265137
persistence,6,2025-11-23T18:00:00Z,1.4746373891830444,3.4000000953674316
persistence,6,2025-11-24T00:00:00Z,1.8621439933776855,3.0999999046325684
persistence,6,2025-11-24T06:00:00Z,0.5615814924240112,3.4000000953674316
persistence,6,2025-11-24T12:00:00Z,-4.813934326171875,-7.300000190734863
persistence,6,2025-11-24T18:00:00Z,2.2386913299560547,0.8999999761581421
persistence,6,2025-11-25T00:00:00Z,0.8010929226875305,1.100000023841858
persistence,6,2025-11-25T06:00:00Z,0.5093891620635986,-1.100000023841858
persistence,6,2025-11-25T12:00:00Z,-3.4657866954803467,-3.4000000953674316
persistence,6,2025-11-25T18:00:00Z,1.4215120077133179,2.9000000953674316
persistence,6,2025-11-26T00:00:00Z,1.823305368423462,-0.8999999761581421
persistence,6,2025-11-26T06:00:00Z,0.8555275201797485,-0.4999999701976776
persistence,6,2025-11-26T12:00:00Z,-2.8126168251037598,-0.800000011920929
persistence,6,2025-11-26T18:00:00Z,1.7191362380981445,5.599999904632568
persistence,6,2025-11-27T00:00:00Z,2.525473117828369,1.7999999523162842
persistence,6,2025-11-27T06:00:00Z,0.806686520576477,1.2000000476837158
persistence,6,2025-11-27T12:00:00Z,-4.441441535949707,-1.2999999523162842
persistence,6,2025-11-27T18:00:00Z,1.7591034173965454,1.7999999523162842
persistence,6,2025-11-28T00:00:00Z,1.4007234573364258,0.6000000238418579
persistence,6,2025-11-28T06:00:00Z,0.728989839553833,-0.20000000298023224
persistence,6,2025-11-28T12:00:00Z,-3.8234877586364746,-2.700000047683716
persistence,6,2025-11-28T18:00:00Z,1.606348991394043,3.700000047683716
persistence,6,2025-11-29T00:00:00Z,1.9286636114120483,1.5
persistence,6,2025-11-29T06:00:00Z,0.6796314120292664,1.2000000476837158
persistence,6,2025-11-29T12:00:00Z,-4.328380584716797,-5.5
persistence,6,2025-11-29T18:00:00Z,1.766372799873352,1.399999976158142
persistence,6,2025-11-30T00:00:00Z,1.0929642915725708,0.0
persistence,6,2025-11-30T06:00:00Z,0.671447217464447,-0.10000000149011612
persistence,6,2025-11-30T12:00:00Z,-3.245692253112793,-2.700000047683716
persistence,6,2025-11-30T18:00:00Z,1.4201236963272095,1.100000023841858
persistence,6,2025-12-01T00:00:00Z,1.3624881505966187,3.4000000953674316
persistence,6,2025-12-01T06:00:00Z,0.8283019661903381,4.099999904632568
persistence,6,2025-12-01T12:00:00Z,-4.480544567108154,-3.0
persistence,6,2025-12-01T18:00:00Z,1.6987651586532593,-0.4999999701976776
persistence,6,2025-12-02T00:00:00Z,0.5029088258743286,0.5
persistence,6,2025-12-02T06:00:00Z,0.8252198696136475,-0.8999999761581421
persistence,6,2025-12-02T12:00:00Z,-3.1524031162261963,-1.0
persistence,6,2025-12-02T18:00:00Z,1.6173837184906006,1.399999976158142
persistence,6,2025-12-03T00:00:00Z,1.5837379693984985,3.9000000953674316
persistence,6,2025-12-03T06:00:00Z,0.8981102705001831,-3.200000047683716
persistence,6,2025-12-03T12:00:00Z,-3.4959301948547363,-5.099999904632568
persistence,6,2025-12-03T18:00:00Z,1.2265127897262573,3.0
persistence,6,2025-12-04T00:00:00Z,1.8436384201049805,0.699999988079071
persistence,6,2025-12-04T06:00:00Z,0.8147909045219421,2.799999952316284
persistence,6,2025-12-04T12:00:00Z,-3.676638603210449,3.200000047683716
persistence,6,2025-12-04T18:00:00Z,1.8975896835327148,2.299999952316284
persistence,6,2025-12-05T00:00:00Z,1.5488858222961426,0.5
persistence,6,2025-12-05T06:00:00Z,0.5227146148681641,-3.5999999046325684
persistence,6,2025-12-05T12:00:00Z,-3.2943191528320312,-5.599999904632568
persistence,6,2025-12-05T18:00:00Z,0.9614220261573792,0.30000001192092896
persistence,6,2025-12-06T00:00:00Z,1.0282944440841675,-1.2000000476837158
persistence,6,2025-12-06T06:00:00Z,1.0281964540481567,-0.4999999701976776
persistence,6,2025-12-06T12:00:00Z,-2.2391350269317627,-1.0
persistence,6,2025-12-06T18:00:00Z,1.5947823524475098,0.8999999761581421
persistence,6,2025-12-07T00:00:00Z,1.607377529144287,1.5
persistence,6,2025-12-07T06:00:00Z,1.0405346155166626,-0.10000000149011612
persistence,6,2025-12-07T12:00:00Z,-3.458340644836426,-0.800000011920929
persistence,6,2025-12-07T18:00:00Z,1.7448893785476685,2.700000047683716
persistence,6,2025-12-08T00:00:00Z,1.8245351314544678,4.800000190734863
persistence,6,2025-12-08T06:00:00Z,0.8325433135032654,4.099999904632568
persistence,6,2025-12-08T12:00:00Z,-4.719631671905518,-8.399999618530273
persistence,6,2025-12-08T18:00:00Z,2.021578073501587,2.200000047683716
persistence,6,2025-12-09T00:00:00Z,0.9353375434875488,2.5999999046325684
persistence,6,2025-12-09T06:00:00Z,0.13618570566177368,-2.0999999046325684
persistence,6,2025-12-09T12:00:00Z,-3.851029634475708,-3.5
persistence,6,2025-12-09T18:00:00Z,1.1884835958480835,-1.899999976158142
persistence,6,2025-12-10T00:00:00Z,0.14301848411560059,-1.600000023841858
persistence,6,2025-12-10T06:00:00Z,1.0934607982635498,0.5
persistence,6,2025-12-10T12:00:00Z,-1.5232259035110474,-1.0
persistence,6,2025-12-10T18:00:00Z,1.560368299484253,2.700000047683716
persistence,6,2025-12-11T00:00:00Z,2.158411741256714,5.5
persistence,6,2025-12-11T06:00:00Z,0.9570825695991516,1.899999976158142
persistence,6,2025-12-11T12:00:00Z,-4.820390224456787,-3.0
persistence,6,2025-12-11T18:00:00Z,1.7993370294570923,2.0999999046325684
persistence,6,2025-12-12T00:00:00Z,1.2725470066070557,3.4000000953674316
persistence,6,2025-12-12T06:00:00Z,0.5918177962303162,-2.5
persistence,6,2025-12-12T12:00:00Z,-3.8348257541656494,-8.0
persistence,6,2025-12-12T18:00:00Z,1.0861597061157227,1.2999999523162842
persistence,6,2025-12-13T00:00:00Z,1.1280544996261597,1.100000023841858
persistence,6,2025-12-13T06:00:00Z,0.7615298628807068,-1.2999999523162842
persistence,6,2025-12-13T12:00:00Z,-3.140568494796753,0.800000011920929
persistence,6,2025-12-13T18:00:00Z,1.970929503440857,3.700000047683716
persistence,6,2025-12-14T00:00:00Z,2.0795960426330566,3.0
persistence,6,2025-12-14T06:00:00Z,0.7954558730125427,2.200000047683716
persistence,6,2025-12-14T12:00:00Z,-4.437808513641357,-4.099999904632568
persistence,6,2025-12-14T18:00:00Z,1.5442026853561401,2.5
persistence,6,2025-12-15T00:00:00Z,1.258044958114624,0.800000011920929
persistence,6,2025-12-15T06:00:00Z,0.46346062421798706,-3.4000000953674316
persistence,6,2025-12-15T12:00:00Z,-2.988748073577881,-2.0
persistence,6,2025-12-15T18:00:00Z,1.0218679904937744,0.0
persistence,6,2025-12-16T00:00:00Z,1.0887612104415894,1.399999976158142
persistence,6,2025-12-16T06:00:00Z,1.1229870319366455,-1.100000023841858
persistence,6,2025-12-16T12:00:00Z,-3.0446295738220215,-1.5
persistence,6,2025-12-16T18:00:00Z,1.4639363288879395,-3.299999952316284
persistence,6,2025-12-17T00:00:00Z,0.0057396553456783295,-3.4000000953674316
persistence,6,2025-12-17T06:00:00Z,0.898419201374054,-1.100000023841858
persistence,6,2025-12-17T12:00:00Z,-0.6189231276512146,-0.4999999701976776
persistence,6,2025-12-17T18:00:00Z,1.925323486328125,0.9999999403953552
persistence,6,2025-12-18T00:00:00Z,2.1767308712005615,2.5999999046325684
persistence,6,2025-12-18T06:00:00Z,1.432929277420044,-1.0
persistence,6,2025-12-18T12:00:00Z,-3.4839184284210205,-4.400000095367432
persistence,6,2025-12-18T18:00:00Z,1.358836054801941,-2.0
persistence,6,2025-12-19T00:00:00Z,0.1640995442867279,-1.399999976158142
persistence,6,2025-12-19T06:00:00Z,1.145587682723999,7.400000095367432
persistence,6,2025-12-19T12:00:00Z,-1.181876301765442,3.0999999046325684
persistence,6,2025-12-19T18:00:00Z,1.2132257223129272,2.799999952316284
persistence,6,2025-12-20T00:00:00Z,1.8480576276779175,0.10000000149011612
persistence,6,2025-12-20T06:00:00Z,0.5066800713539124,-0.10000000149011612
persistence,6,2025-12-20T12:00:00Z,-4.020017623901367,-3.299999952316284
persistence,6,2025-12-20T18:00:00Z,1.3297890424728394,-5.099999904632568
persistence,6,2025-12-21T00:00:00Z,-0.666225254535675,1.5
persistence,6,2025-12-21T06:00:00Z,1.4217149019241333,7.699999809265137
persistence,6,2025-12-21T12:00:00Z,-2.272805690765381,-0.800000011920929
persistence,6,2025-12-21T18:00:00Z,0.9269344210624695,-0.800000011920929
persistence,6,2025-12-22T00:00:00Z,0.6548901796340942,1.7000000476837158
persistence,6,2025-12-22T06:00:00Z,0.8498926162719727,1.399999976158142
persistence,6,2025-12-22T12:00:00Z,-3.801546812057495,-8.600000381469727
persistence,6,2025-12-22T18:00:00Z,1.5263967514038086,-0.699999988079071
persistence,6,2025-12-23T00:00:00Z,0.262744665145874,2.200000047683716
persistence,6,2025-12-23T06:00:00Z,0.8837584853172302,-0.10000000149011612
persistence,6,2025-12-23T12:00:00Z,-3.421093225479126,-1.0
persistence,6,2025-12-23T18:00:00Z,1.5689762830734253,-1.899999976158142
persistence,6,2025-12-24T00:00:00Z,0.29727697372436523,0.5
persistence,6,2025-12-24T06:00:00Z,1.270094871520996,3.5999999046325684
persistence,6,2025-12-24T12:00:00Z,-2.5399856567382812,-0.800000011920929
persistence,6,2025-12-24T18:00:00Z,1.2967116832733154,0.800000011920929
persistence,6,2025-12-25T00:00:00Z,1.1482558250427246,-0.8999999761581421
persistence,6,2025-12-25T06:00:00Z,0.7400050163269043,-0.20000000298023224
persistence,6,2025-12-25T12:00:00Z,-2.705604314804077,1.600000023841858
persistence,6,2025-12-25T18:00:00Z,1.9538530111312866,4.099999904632568
persistence,6,2025-12-26T00:00:00Z,2.0973033905029297,2.299999952316284
persistence,6,2025-12-26T06:00:00Z,0.7607523798942566,-2.200000047683716
persistence,6,2025-12-26T12:00:00Z,-3.7594547271728516,-0.800000011920929
persistence,6,2025-12-26T18:00:00Z,1.4079506397247314,0.800000011920929
persistence,6,2025-12-27T00:00:00Z,1.2013723850250244,3.700000047683716
persistence,6,2025-12-27T06:00:00Z,0.9751777648925781,-0.4000000059604645
persistence,6,2025-12-27T12:00:00Z,-4.017253875732422,-2.0
persistence,6,2025-12-27T18:00:00Z,1.4164953231811523,-0.8999999761581421
persistence,6,2025-12-28T00:00:00Z,0.48767849802970886,-2.700000047683716
persistence,6,2025-12-28T06:00:00Z,0.8443660736083984,-0.8999999761581421
persistence,6,2025-12-28T12:00:00Z,-1.5277934074401855,-1.399999976158142
persistence,6,2025-12-28T18:00:00Z,1.2965093851089478,-1.100000023841858
persistence,6,2025-12-29T00:00:00Z,1.0077458620071411,-1.899999976158142
persistence,6,2025-12-29T06:00:00Z,1.1705427169799805,-1.2999999523162842
persistence,6,2025-12-29T12:00:00Z,-1.5281494855880737,6.0
persistence,6,2025-12-29T18:00:00Z,3.7602410316467285,4.599999904632568
persistence,6,2025-12-30T00:00:00Z,2.5953643321990967,1.100000023841858
persistence,6,2025-12-30T06:00:00Z,0.9875994324684143,-0.800000011920929
persistence,6,2025-12-30T12:00:00Z,-4.102176666259766,-2.799999952316284
persistence,6,2025-12-30T18:00:00Z,1.3320335149765015,0.6000000238418579
persistence,6,2025-12-31T00:00:00Z,0.9266520738601685,1.100000023841858
persistence,6,2025-12-31T06:00:00Z,0.9595642685890198,-0.20000000298023224
persistence,6,2025-12-31T12:00:00Z,-3.3426055908203125,-1.399999976158142
